Parameter Distribution {'n_estimators': [200, 300, 350, 400, 450, 500, 600, 700], 'max_depth': [10, 11, 12, 13, 14, 15], 'min_samples_leaf': [1, 2, 4], 'min_samples_split': [2, 5, 10], 'random_state': [101]}
Best: 0.709379 using {'max_depth': 13, 'min_samples_leaf': 4, 'min_samples_split': 2, 'n_estimators': 350, 'random_state': 101}
0.706196 (0.004060) with: {'max_depth': 10, 'min_samples_leaf': 1, 'min_samples_split': 2, 'n_estimators': 200, 'random_state': 101}, std score of 0.004060, score rank of 262,
0.705955 (0.004093) with: {'max_depth': 10, 'min_samples_leaf': 1, 'min_samples_split': 2, 'n_estimators': 300, 'random_state': 101}, std score of 0.004093, score rank of 289,
0.705761 (0.004112) with: {'max_depth': 10, 'min_samples_leaf': 1, 'min_samples_split': 2, 'n_estimators': 350, 'random_state': 101}, std score of 0.004112, score rank of 305,
0.705605 (0.004264) with: {'max_depth': 10, 'min_samples_leaf': 1, 'min_samples_split': 2, 'n_estimators': 400, 'random_state': 101}, std score of 0.004264, score rank of 327,
0.705650 (0.004323) with: {'max_depth': 10, 'min_samples_leaf': 1, 'min_samples_split': 2, 'n_estimators': 450, 'random_state': 101}, std score of 0.004323, score rank of 321,
0.705640 (0.004213) with: {'max_depth': 10, 'min_samples_leaf': 1, 'min_samples_split': 2, 'n_estimators': 500, 'random_state': 101}, std score of 0.004213, score rank of 322,
0.706256 (0.004159) with: {'max_depth': 10, 'min_samples_leaf': 1, 'min_samples_split': 2, 'n_estimators': 600, 'random_state': 101}, std score of 0.004159, score rank of 250,
0.706386 (0.004201) with: {'max_depth': 10, 'min_samples_leaf': 1, 'min_samples_split': 2, 'n_estimators': 700, 'random_state': 101}, std score of 0.004201, score rank of 235,
0.706433 (0.004726) with: {'max_depth': 10, 'min_samples_leaf': 1, 'min_samples_split': 5, 'n_estimators': 200, 'random_state': 101}, std score of 0.004726, score rank of 232,
0.706434 (0.004527) with: {'max_depth': 10, 'min_samples_leaf': 1, 'min_samples_split': 5, 'n_estimators': 300, 'random_state': 101}, std score of 0.004527, score rank of 231,
0.706474 (0.004244) with: {'max_depth': 10, 'min_samples_leaf': 1, 'min_samples_split': 5, 'n_estimators': 350, 'random_state': 101}, std score of 0.004244, score rank of 221,
0.706316 (0.004351) with: {'max_depth': 10, 'min_samples_leaf': 1, 'min_samples_split': 5, 'n_estimators': 400, 'random_state': 101}, std score of 0.004351, score rank of 240,
0.706232 (0.004857) with: {'max_depth': 10, 'min_samples_leaf': 1, 'min_samples_split': 5, 'n_estimators': 450, 'random_state': 101}, std score of 0.004857, score rank of 256,
0.706061 (0.004660) with: {'max_depth': 10, 'min_samples_leaf': 1, 'min_samples_split': 5, 'n_estimators': 500, 'random_state': 101}, std score of 0.004660, score rank of 280,
0.706108 (0.004556) with: {'max_depth': 10, 'min_samples_leaf': 1, 'min_samples_split': 5, 'n_estimators': 600, 'random_state': 101}, std score of 0.004556, score rank of 272,
0.706342 (0.004154) with: {'max_depth': 10, 'min_samples_leaf': 1, 'min_samples_split': 5, 'n_estimators': 700, 'random_state': 101}, std score of 0.004154, score rank of 238,
0.706312 (0.003984) with: {'max_depth': 10, 'min_samples_leaf': 1, 'min_samples_split': 10, 'n_estimators': 200, 'random_state': 101}, std score of 0.003984, score rank of 242,
0.705923 (0.003794) with: {'max_depth': 10, 'min_samples_leaf': 1, 'min_samples_split': 10, 'n_estimators': 300, 'random_state': 101}, std score of 0.003794, score rank of 293,
0.706110 (0.003558) with: {'max_depth': 10, 'min_samples_leaf': 1, 'min_samples_split': 10, 'n_estimators': 350, 'random_state': 101}, std score of 0.003558, score rank of 271,
0.706231 (0.003915) with: {'max_depth': 10, 'min_samples_leaf': 1, 'min_samples_split': 10, 'n_estimators': 400, 'random_state': 101}, std score of 0.003915, score rank of 257,
0.706170 (0.003789) with: {'max_depth': 10, 'min_samples_leaf': 1, 'min_samples_split': 10, 'n_estimators': 450, 'random_state': 101}, std score of 0.003789, score rank of 263,
0.706265 (0.004076) with: {'max_depth': 10, 'min_samples_leaf': 1, 'min_samples_split': 10, 'n_estimators': 500, 'random_state': 101}, std score of 0.004076, score rank of 248,
0.706076 (0.003868) with: {'max_depth': 10, 'min_samples_leaf': 1, 'min_samples_split': 10, 'n_estimators': 600, 'random_state': 101}, std score of 0.003868, score rank of 277,
0.706132 (0.003918) with: {'max_depth': 10, 'min_samples_leaf': 1, 'min_samples_split': 10, 'n_estimators': 700, 'random_state': 101}, std score of 0.003918, score rank of 268,
0.706523 (0.004615) with: {'max_depth': 10, 'min_samples_leaf': 2, 'min_samples_split': 2, 'n_estimators': 200, 'random_state': 101}, std score of 0.004615, score rank of 211,
0.706314 (0.004266) with: {'max_depth': 10, 'min_samples_leaf': 2, 'min_samples_split': 2, 'n_estimators': 300, 'random_state': 101}, std score of 0.004266, score rank of 241,
0.706787 (0.004351) with: {'max_depth': 10, 'min_samples_leaf': 2, 'min_samples_split': 2, 'n_estimators': 350, 'random_state': 101}, std score of 0.004351, score rank of 195,
0.706779 (0.004246) with: {'max_depth': 10, 'min_samples_leaf': 2, 'min_samples_split': 2, 'n_estimators': 400, 'random_state': 101}, std score of 0.004246, score rank of 196,
0.706759 (0.004084) with: {'max_depth': 10, 'min_samples_leaf': 2, 'min_samples_split': 2, 'n_estimators': 450, 'random_state': 101}, std score of 0.004084, score rank of 198,
0.706273 (0.003976) with: {'max_depth': 10, 'min_samples_leaf': 2, 'min_samples_split': 2, 'n_estimators': 500, 'random_state': 101}, std score of 0.003976, score rank of 245,
0.706476 (0.003518) with: {'max_depth': 10, 'min_samples_leaf': 2, 'min_samples_split': 2, 'n_estimators': 600, 'random_state': 101}, std score of 0.003518, score rank of 219,
0.706509 (0.003940) with: {'max_depth': 10, 'min_samples_leaf': 2, 'min_samples_split': 2, 'n_estimators': 700, 'random_state': 101}, std score of 0.003940, score rank of 217,
0.705911 (0.003484) with: {'max_depth': 10, 'min_samples_leaf': 2, 'min_samples_split': 5, 'n_estimators': 200, 'random_state': 101}, std score of 0.003484, score rank of 295,
0.705442 (0.003779) with: {'max_depth': 10, 'min_samples_leaf': 2, 'min_samples_split': 5, 'n_estimators': 300, 'random_state': 101}, std score of 0.003779, score rank of 336,
0.705620 (0.003523) with: {'max_depth': 10, 'min_samples_leaf': 2, 'min_samples_split': 5, 'n_estimators': 350, 'random_state': 101}, std score of 0.003523, score rank of 325,
0.705692 (0.003683) with: {'max_depth': 10, 'min_samples_leaf': 2, 'min_samples_split': 5, 'n_estimators': 400, 'random_state': 101}, std score of 0.003683, score rank of 314,
0.705752 (0.003630) with: {'max_depth': 10, 'min_samples_leaf': 2, 'min_samples_split': 5, 'n_estimators': 450, 'random_state': 101}, std score of 0.003630, score rank of 308,
0.705530 (0.003421) with: {'max_depth': 10, 'min_samples_leaf': 2, 'min_samples_split': 5, 'n_estimators': 500, 'random_state': 101}, std score of 0.003421, score rank of 332,
0.705385 (0.003613) with: {'max_depth': 10, 'min_samples_leaf': 2, 'min_samples_split': 5, 'n_estimators': 600, 'random_state': 101}, std score of 0.003613, score rank of 338,
0.705552 (0.003948) with: {'max_depth': 10, 'min_samples_leaf': 2, 'min_samples_split': 5, 'n_estimators': 700, 'random_state': 101}, std score of 0.003948, score rank of 330,
0.706521 (0.003678) with: {'max_depth': 10, 'min_samples_leaf': 2, 'min_samples_split': 10, 'n_estimators': 200, 'random_state': 101}, std score of 0.003678, score rank of 215,
0.706409 (0.003615) with: {'max_depth': 10, 'min_samples_leaf': 2, 'min_samples_split': 10, 'n_estimators': 300, 'random_state': 101}, std score of 0.003615, score rank of 233,
0.705972 (0.003680) with: {'max_depth': 10, 'min_samples_leaf': 2, 'min_samples_split': 10, 'n_estimators': 350, 'random_state': 101}, std score of 0.003680, score rank of 287,
0.705980 (0.003473) with: {'max_depth': 10, 'min_samples_leaf': 2, 'min_samples_split': 10, 'n_estimators': 400, 'random_state': 101}, std score of 0.003473, score rank of 286,
0.706100 (0.004010) with: {'max_depth': 10, 'min_samples_leaf': 2, 'min_samples_split': 10, 'n_estimators': 450, 'random_state': 101}, std score of 0.004010, score rank of 275,
0.706217 (0.004142) with: {'max_depth': 10, 'min_samples_leaf': 2, 'min_samples_split': 10, 'n_estimators': 500, 'random_state': 101}, std score of 0.004142, score rank of 259,
0.706264 (0.004008) with: {'max_depth': 10, 'min_samples_leaf': 2, 'min_samples_split': 10, 'n_estimators': 600, 'random_state': 101}, std score of 0.004008, score rank of 249,
0.706820 (0.004065) with: {'max_depth': 10, 'min_samples_leaf': 2, 'min_samples_split': 10, 'n_estimators': 700, 'random_state': 101}, std score of 0.004065, score rank of 191,
0.705352 (0.003686) with: {'max_depth': 10, 'min_samples_leaf': 4, 'min_samples_split': 2, 'n_estimators': 200, 'random_state': 101}, std score of 0.003686, score rank of 339,
0.705663 (0.004298) with: {'max_depth': 10, 'min_samples_leaf': 4, 'min_samples_split': 2, 'n_estimators': 300, 'random_state': 101}, std score of 0.004298, score rank of 318,
0.706216 (0.004156) with: {'max_depth': 10, 'min_samples_leaf': 4, 'min_samples_split': 2, 'n_estimators': 350, 'random_state': 101}, std score of 0.004156, score rank of 260,
0.706121 (0.004561) with: {'max_depth': 10, 'min_samples_leaf': 4, 'min_samples_split': 2, 'n_estimators': 400, 'random_state': 101}, std score of 0.004561, score rank of 269,
0.705742 (0.004289) with: {'max_depth': 10, 'min_samples_leaf': 4, 'min_samples_split': 2, 'n_estimators': 450, 'random_state': 101}, std score of 0.004289, score rank of 309,
0.706025 (0.003843) with: {'max_depth': 10, 'min_samples_leaf': 4, 'min_samples_split': 2, 'n_estimators': 500, 'random_state': 101}, std score of 0.003843, score rank of 282,
0.706064 (0.004139) with: {'max_depth': 10, 'min_samples_leaf': 4, 'min_samples_split': 2, 'n_estimators': 600, 'random_state': 101}, std score of 0.004139, score rank of 278,
0.706236 (0.004035) with: {'max_depth': 10, 'min_samples_leaf': 4, 'min_samples_split': 2, 'n_estimators': 700, 'random_state': 101}, std score of 0.004035, score rank of 253,
0.705352 (0.003686) with: {'max_depth': 10, 'min_samples_leaf': 4, 'min_samples_split': 5, 'n_estimators': 200, 'random_state': 101}, std score of 0.003686, score rank of 339,
0.705663 (0.004298) with: {'max_depth': 10, 'min_samples_leaf': 4, 'min_samples_split': 5, 'n_estimators': 300, 'random_state': 101}, std score of 0.004298, score rank of 318,
0.706216 (0.004156) with: {'max_depth': 10, 'min_samples_leaf': 4, 'min_samples_split': 5, 'n_estimators': 350, 'random_state': 101}, std score of 0.004156, score rank of 260,
0.706121 (0.004561) with: {'max_depth': 10, 'min_samples_leaf': 4, 'min_samples_split': 5, 'n_estimators': 400, 'random_state': 101}, std score of 0.004561, score rank of 269,
0.705742 (0.004289) with: {'max_depth': 10, 'min_samples_leaf': 4, 'min_samples_split': 5, 'n_estimators': 450, 'random_state': 101}, std score of 0.004289, score rank of 309,
0.706025 (0.003843) with: {'max_depth': 10, 'min_samples_leaf': 4, 'min_samples_split': 5, 'n_estimators': 500, 'random_state': 101}, std score of 0.003843, score rank of 282,
0.706064 (0.004139) with: {'max_depth': 10, 'min_samples_leaf': 4, 'min_samples_split': 5, 'n_estimators': 600, 'random_state': 101}, std score of 0.004139, score rank of 278,
0.706236 (0.004035) with: {'max_depth': 10, 'min_samples_leaf': 4, 'min_samples_split': 5, 'n_estimators': 700, 'random_state': 101}, std score of 0.004035, score rank of 253,
0.705806 (0.003318) with: {'max_depth': 10, 'min_samples_leaf': 4, 'min_samples_split': 10, 'n_estimators': 200, 'random_state': 101}, std score of 0.003318, score rank of 301,
0.705968 (0.003672) with: {'max_depth': 10, 'min_samples_leaf': 4, 'min_samples_split': 10, 'n_estimators': 300, 'random_state': 101}, std score of 0.003672, score rank of 288,
0.705857 (0.003869) with: {'max_depth': 10, 'min_samples_leaf': 4, 'min_samples_split': 10, 'n_estimators': 350, 'random_state': 101}, std score of 0.003869, score rank of 297,
0.705250 (0.003676) with: {'max_depth': 10, 'min_samples_leaf': 4, 'min_samples_split': 10, 'n_estimators': 400, 'random_state': 101}, std score of 0.003676, score rank of 345,
0.705548 (0.003854) with: {'max_depth': 10, 'min_samples_leaf': 4, 'min_samples_split': 10, 'n_estimators': 450, 'random_state': 101}, std score of 0.003854, score rank of 331,
0.705392 (0.003766) with: {'max_depth': 10, 'min_samples_leaf': 4, 'min_samples_split': 10, 'n_estimators': 500, 'random_state': 101}, std score of 0.003766, score rank of 337,
0.705734 (0.003781) with: {'max_depth': 10, 'min_samples_leaf': 4, 'min_samples_split': 10, 'n_estimators': 600, 'random_state': 101}, std score of 0.003781, score rank of 311,
0.705292 (0.003754) with: {'max_depth': 10, 'min_samples_leaf': 4, 'min_samples_split': 10, 'n_estimators': 700, 'random_state': 101}, std score of 0.003754, score rank of 343,
0.708442 (0.004607) with: {'max_depth': 11, 'min_samples_leaf': 1, 'min_samples_split': 2, 'n_estimators': 200, 'random_state': 101}, std score of 0.004607, score rank of 47,
0.707921 (0.004700) with: {'max_depth': 11, 'min_samples_leaf': 1, 'min_samples_split': 2, 'n_estimators': 300, 'random_state': 101}, std score of 0.004700, score rank of 76,
0.707771 (0.004706) with: {'max_depth': 11, 'min_samples_leaf': 1, 'min_samples_split': 2, 'n_estimators': 350, 'random_state': 101}, std score of 0.004706, score rank of 100,
0.707754 (0.004957) with: {'max_depth': 11, 'min_samples_leaf': 1, 'min_samples_split': 2, 'n_estimators': 400, 'random_state': 101}, std score of 0.004957, score rank of 105,
0.707838 (0.004809) with: {'max_depth': 11, 'min_samples_leaf': 1, 'min_samples_split': 2, 'n_estimators': 450, 'random_state': 101}, std score of 0.004809, score rank of 91,
0.707724 (0.004402) with: {'max_depth': 11, 'min_samples_leaf': 1, 'min_samples_split': 2, 'n_estimators': 500, 'random_state': 101}, std score of 0.004402, score rank of 108,
0.707760 (0.004491) with: {'max_depth': 11, 'min_samples_leaf': 1, 'min_samples_split': 2, 'n_estimators': 600, 'random_state': 101}, std score of 0.004491, score rank of 104,
0.707875 (0.004351) with: {'max_depth': 11, 'min_samples_leaf': 1, 'min_samples_split': 2, 'n_estimators': 700, 'random_state': 101}, std score of 0.004351, score rank of 85,
0.708723 (0.004343) with: {'max_depth': 11, 'min_samples_leaf': 1, 'min_samples_split': 5, 'n_estimators': 200, 'random_state': 101}, std score of 0.004343, score rank of 33,
0.707608 (0.003662) with: {'max_depth': 11, 'min_samples_leaf': 1, 'min_samples_split': 5, 'n_estimators': 300, 'random_state': 101}, std score of 0.003662, score rank of 129,
0.707655 (0.003702) with: {'max_depth': 11, 'min_samples_leaf': 1, 'min_samples_split': 5, 'n_estimators': 350, 'random_state': 101}, std score of 0.003702, score rank of 123,
0.707799 (0.004053) with: {'max_depth': 11, 'min_samples_leaf': 1, 'min_samples_split': 5, 'n_estimators': 400, 'random_state': 101}, std score of 0.004053, score rank of 95,
0.707652 (0.003912) with: {'max_depth': 11, 'min_samples_leaf': 1, 'min_samples_split': 5, 'n_estimators': 450, 'random_state': 101}, std score of 0.003912, score rank of 124,
0.707742 (0.003848) with: {'max_depth': 11, 'min_samples_leaf': 1, 'min_samples_split': 5, 'n_estimators': 500, 'random_state': 101}, std score of 0.003848, score rank of 106,
0.707515 (0.003840) with: {'max_depth': 11, 'min_samples_leaf': 1, 'min_samples_split': 5, 'n_estimators': 600, 'random_state': 101}, std score of 0.003840, score rank of 149,
0.707547 (0.003665) with: {'max_depth': 11, 'min_samples_leaf': 1, 'min_samples_split': 5, 'n_estimators': 700, 'random_state': 101}, std score of 0.003665, score rank of 138,
0.707847 (0.003668) with: {'max_depth': 11, 'min_samples_leaf': 1, 'min_samples_split': 10, 'n_estimators': 200, 'random_state': 101}, std score of 0.003668, score rank of 90,
0.707246 (0.004168) with: {'max_depth': 11, 'min_samples_leaf': 1, 'min_samples_split': 10, 'n_estimators': 300, 'random_state': 101}, std score of 0.004168, score rank of 164,
0.707354 (0.004355) with: {'max_depth': 11, 'min_samples_leaf': 1, 'min_samples_split': 10, 'n_estimators': 350, 'random_state': 101}, std score of 0.004355, score rank of 159,
0.707267 (0.004013) with: {'max_depth': 11, 'min_samples_leaf': 1, 'min_samples_split': 10, 'n_estimators': 400, 'random_state': 101}, std score of 0.004013, score rank of 162,
0.707671 (0.004211) with: {'max_depth': 11, 'min_samples_leaf': 1, 'min_samples_split': 10, 'n_estimators': 450, 'random_state': 101}, std score of 0.004211, score rank of 118,
0.707575 (0.004122) with: {'max_depth': 11, 'min_samples_leaf': 1, 'min_samples_split': 10, 'n_estimators': 500, 'random_state': 101}, std score of 0.004122, score rank of 134,
0.707636 (0.004050) with: {'max_depth': 11, 'min_samples_leaf': 1, 'min_samples_split': 10, 'n_estimators': 600, 'random_state': 101}, std score of 0.004050, score rank of 126,
0.707662 (0.003971) with: {'max_depth': 11, 'min_samples_leaf': 1, 'min_samples_split': 10, 'n_estimators': 700, 'random_state': 101}, std score of 0.003971, score rank of 119,
0.707686 (0.003842) with: {'max_depth': 11, 'min_samples_leaf': 2, 'min_samples_split': 2, 'n_estimators': 200, 'random_state': 101}, std score of 0.003842, score rank of 114,
0.707527 (0.003948) with: {'max_depth': 11, 'min_samples_leaf': 2, 'min_samples_split': 2, 'n_estimators': 300, 'random_state': 101}, std score of 0.003948, score rank of 148,
0.707078 (0.004010) with: {'max_depth': 11, 'min_samples_leaf': 2, 'min_samples_split': 2, 'n_estimators': 350, 'random_state': 101}, std score of 0.004010, score rank of 179,
0.706631 (0.003678) with: {'max_depth': 11, 'min_samples_leaf': 2, 'min_samples_split': 2, 'n_estimators': 400, 'random_state': 101}, std score of 0.003678, score rank of 208,
0.707143 (0.003699) with: {'max_depth': 11, 'min_samples_leaf': 2, 'min_samples_split': 2, 'n_estimators': 450, 'random_state': 101}, std score of 0.003699, score rank of 172,
0.706871 (0.003647) with: {'max_depth': 11, 'min_samples_leaf': 2, 'min_samples_split': 2, 'n_estimators': 500, 'random_state': 101}, std score of 0.003647, score rank of 189,
0.706941 (0.003849) with: {'max_depth': 11, 'min_samples_leaf': 2, 'min_samples_split': 2, 'n_estimators': 600, 'random_state': 101}, std score of 0.003849, score rank of 186,
0.707178 (0.003500) with: {'max_depth': 11, 'min_samples_leaf': 2, 'min_samples_split': 2, 'n_estimators': 700, 'random_state': 101}, std score of 0.003500, score rank of 168,
0.707254 (0.003466) with: {'max_depth': 11, 'min_samples_leaf': 2, 'min_samples_split': 5, 'n_estimators': 200, 'random_state': 101}, std score of 0.003466, score rank of 163,
0.707650 (0.003277) with: {'max_depth': 11, 'min_samples_leaf': 2, 'min_samples_split': 5, 'n_estimators': 300, 'random_state': 101}, std score of 0.003277, score rank of 125,
0.707540 (0.003400) with: {'max_depth': 11, 'min_samples_leaf': 2, 'min_samples_split': 5, 'n_estimators': 350, 'random_state': 101}, std score of 0.003400, score rank of 143,
0.707163 (0.004003) with: {'max_depth': 11, 'min_samples_leaf': 2, 'min_samples_split': 5, 'n_estimators': 400, 'random_state': 101}, std score of 0.004003, score rank of 171,
0.707366 (0.003595) with: {'max_depth': 11, 'min_samples_leaf': 2, 'min_samples_split': 5, 'n_estimators': 450, 'random_state': 101}, std score of 0.003595, score rank of 158,
0.707116 (0.003136) with: {'max_depth': 11, 'min_samples_leaf': 2, 'min_samples_split': 5, 'n_estimators': 500, 'random_state': 101}, std score of 0.003136, score rank of 173,
0.707550 (0.003369) with: {'max_depth': 11, 'min_samples_leaf': 2, 'min_samples_split': 5, 'n_estimators': 600, 'random_state': 101}, std score of 0.003369, score rank of 137,
0.707540 (0.003555) with: {'max_depth': 11, 'min_samples_leaf': 2, 'min_samples_split': 5, 'n_estimators': 700, 'random_state': 101}, std score of 0.003555, score rank of 142,
0.707427 (0.004185) with: {'max_depth': 11, 'min_samples_leaf': 2, 'min_samples_split': 10, 'n_estimators': 200, 'random_state': 101}, std score of 0.004185, score rank of 157,
0.707580 (0.004478) with: {'max_depth': 11, 'min_samples_leaf': 2, 'min_samples_split': 10, 'n_estimators': 300, 'random_state': 101}, std score of 0.004478, score rank of 133,
0.707973 (0.004663) with: {'max_depth': 11, 'min_samples_leaf': 2, 'min_samples_split': 10, 'n_estimators': 350, 'random_state': 101}, std score of 0.004663, score rank of 70,
0.707725 (0.004174) with: {'max_depth': 11, 'min_samples_leaf': 2, 'min_samples_split': 10, 'n_estimators': 400, 'random_state': 101}, std score of 0.004174, score rank of 107,
0.707765 (0.004186) with: {'max_depth': 11, 'min_samples_leaf': 2, 'min_samples_split': 10, 'n_estimators': 450, 'random_state': 101}, std score of 0.004186, score rank of 101,
0.708143 (0.004085) with: {'max_depth': 11, 'min_samples_leaf': 2, 'min_samples_split': 10, 'n_estimators': 500, 'random_state': 101}, std score of 0.004085, score rank of 61,
0.708055 (0.004150) with: {'max_depth': 11, 'min_samples_leaf': 2, 'min_samples_split': 10, 'n_estimators': 600, 'random_state': 101}, std score of 0.004150, score rank of 68,
0.708178 (0.004263) with: {'max_depth': 11, 'min_samples_leaf': 2, 'min_samples_split': 10, 'n_estimators': 700, 'random_state': 101}, std score of 0.004263, score rank of 60,
0.707908 (0.003493) with: {'max_depth': 11, 'min_samples_leaf': 4, 'min_samples_split': 2, 'n_estimators': 200, 'random_state': 101}, std score of 0.003493, score rank of 79,
0.707786 (0.003814) with: {'max_depth': 11, 'min_samples_leaf': 4, 'min_samples_split': 2, 'n_estimators': 300, 'random_state': 101}, std score of 0.003814, score rank of 97,
0.707706 (0.003976) with: {'max_depth': 11, 'min_samples_leaf': 4, 'min_samples_split': 2, 'n_estimators': 350, 'random_state': 101}, std score of 0.003976, score rank of 109,
0.707659 (0.003960) with: {'max_depth': 11, 'min_samples_leaf': 4, 'min_samples_split': 2, 'n_estimators': 400, 'random_state': 101}, std score of 0.003960, score rank of 120,
0.707624 (0.003815) with: {'max_depth': 11, 'min_samples_leaf': 4, 'min_samples_split': 2, 'n_estimators': 450, 'random_state': 101}, std score of 0.003815, score rank of 127,
0.707695 (0.004082) with: {'max_depth': 11, 'min_samples_leaf': 4, 'min_samples_split': 2, 'n_estimators': 500, 'random_state': 101}, std score of 0.004082, score rank of 112,
0.707852 (0.004278) with: {'max_depth': 11, 'min_samples_leaf': 4, 'min_samples_split': 2, 'n_estimators': 600, 'random_state': 101}, std score of 0.004278, score rank of 88,
0.707674 (0.003770) with: {'max_depth': 11, 'min_samples_leaf': 4, 'min_samples_split': 2, 'n_estimators': 700, 'random_state': 101}, std score of 0.003770, score rank of 116,
0.707908 (0.003493) with: {'max_depth': 11, 'min_samples_leaf': 4, 'min_samples_split': 5, 'n_estimators': 200, 'random_state': 101}, std score of 0.003493, score rank of 79,
0.707786 (0.003814) with: {'max_depth': 11, 'min_samples_leaf': 4, 'min_samples_split': 5, 'n_estimators': 300, 'random_state': 101}, std score of 0.003814, score rank of 97,
0.707706 (0.003976) with: {'max_depth': 11, 'min_samples_leaf': 4, 'min_samples_split': 5, 'n_estimators': 350, 'random_state': 101}, std score of 0.003976, score rank of 109,
0.707659 (0.003960) with: {'max_depth': 11, 'min_samples_leaf': 4, 'min_samples_split': 5, 'n_estimators': 400, 'random_state': 101}, std score of 0.003960, score rank of 120,
0.707624 (0.003815) with: {'max_depth': 11, 'min_samples_leaf': 4, 'min_samples_split': 5, 'n_estimators': 450, 'random_state': 101}, std score of 0.003815, score rank of 127,
0.707695 (0.004082) with: {'max_depth': 11, 'min_samples_leaf': 4, 'min_samples_split': 5, 'n_estimators': 500, 'random_state': 101}, std score of 0.004082, score rank of 112,
0.707852 (0.004278) with: {'max_depth': 11, 'min_samples_leaf': 4, 'min_samples_split': 5, 'n_estimators': 600, 'random_state': 101}, std score of 0.004278, score rank of 88,
0.707674 (0.003770) with: {'max_depth': 11, 'min_samples_leaf': 4, 'min_samples_split': 5, 'n_estimators': 700, 'random_state': 101}, std score of 0.003770, score rank of 116,
0.707945 (0.003825) with: {'max_depth': 11, 'min_samples_leaf': 4, 'min_samples_split': 10, 'n_estimators': 200, 'random_state': 101}, std score of 0.003825, score rank of 73,
0.707529 (0.003719) with: {'max_depth': 11, 'min_samples_leaf': 4, 'min_samples_split': 10, 'n_estimators': 300, 'random_state': 101}, std score of 0.003719, score rank of 147,
0.707764 (0.003927) with: {'max_depth': 11, 'min_samples_leaf': 4, 'min_samples_split': 10, 'n_estimators': 350, 'random_state': 101}, std score of 0.003927, score rank of 103,
0.707772 (0.003768) with: {'max_depth': 11, 'min_samples_leaf': 4, 'min_samples_split': 10, 'n_estimators': 400, 'random_state': 101}, std score of 0.003768, score rank of 99,
0.707703 (0.003938) with: {'max_depth': 11, 'min_samples_leaf': 4, 'min_samples_split': 10, 'n_estimators': 450, 'random_state': 101}, std score of 0.003938, score rank of 111,
0.707533 (0.003812) with: {'max_depth': 11, 'min_samples_leaf': 4, 'min_samples_split': 10, 'n_estimators': 500, 'random_state': 101}, std score of 0.003812, score rank of 146,
0.707573 (0.003703) with: {'max_depth': 11, 'min_samples_leaf': 4, 'min_samples_split': 10, 'n_estimators': 600, 'random_state': 101}, std score of 0.003703, score rank of 135,
0.707504 (0.003496) with: {'max_depth': 11, 'min_samples_leaf': 4, 'min_samples_split': 10, 'n_estimators': 700, 'random_state': 101}, std score of 0.003496, score rank of 151,
0.706938 (0.003470) with: {'max_depth': 12, 'min_samples_leaf': 1, 'min_samples_split': 2, 'n_estimators': 200, 'random_state': 101}, std score of 0.003470, score rank of 187,
0.706460 (0.003892) with: {'max_depth': 12, 'min_samples_leaf': 1, 'min_samples_split': 2, 'n_estimators': 300, 'random_state': 101}, std score of 0.003892, score rank of 227,
0.706376 (0.003831) with: {'max_depth': 12, 'min_samples_leaf': 1, 'min_samples_split': 2, 'n_estimators': 350, 'random_state': 101}, std score of 0.003831, score rank of 236,
0.706438 (0.003587) with: {'max_depth': 12, 'min_samples_leaf': 1, 'min_samples_split': 2, 'n_estimators': 400, 'random_state': 101}, std score of 0.003587, score rank of 230,
0.706658 (0.003503) with: {'max_depth': 12, 'min_samples_leaf': 1, 'min_samples_split': 2, 'n_estimators': 450, 'random_state': 101}, std score of 0.003503, score rank of 207,
0.706526 (0.003541) with: {'max_depth': 12, 'min_samples_leaf': 1, 'min_samples_split': 2, 'n_estimators': 500, 'random_state': 101}, std score of 0.003541, score rank of 210,
0.706680 (0.002881) with: {'max_depth': 12, 'min_samples_leaf': 1, 'min_samples_split': 2, 'n_estimators': 600, 'random_state': 101}, std score of 0.002881, score rank of 206,
0.706744 (0.002985) with: {'max_depth': 12, 'min_samples_leaf': 1, 'min_samples_split': 2, 'n_estimators': 700, 'random_state': 101}, std score of 0.002985, score rank of 199,
0.707184 (0.004530) with: {'max_depth': 12, 'min_samples_leaf': 1, 'min_samples_split': 5, 'n_estimators': 200, 'random_state': 101}, std score of 0.004530, score rank of 167,
0.706761 (0.004140) with: {'max_depth': 12, 'min_samples_leaf': 1, 'min_samples_split': 5, 'n_estimators': 300, 'random_state': 101}, std score of 0.004140, score rank of 197,
0.706718 (0.004419) with: {'max_depth': 12, 'min_samples_leaf': 1, 'min_samples_split': 5, 'n_estimators': 350, 'random_state': 101}, std score of 0.004419, score rank of 201,
0.706448 (0.004096) with: {'max_depth': 12, 'min_samples_leaf': 1, 'min_samples_split': 5, 'n_estimators': 400, 'random_state': 101}, std score of 0.004096, score rank of 228,
0.706336 (0.004378) with: {'max_depth': 12, 'min_samples_leaf': 1, 'min_samples_split': 5, 'n_estimators': 450, 'random_state': 101}, std score of 0.004378, score rank of 239,
0.706716 (0.004043) with: {'max_depth': 12, 'min_samples_leaf': 1, 'min_samples_split': 5, 'n_estimators': 500, 'random_state': 101}, std score of 0.004043, score rank of 202,
0.706516 (0.003522) with: {'max_depth': 12, 'min_samples_leaf': 1, 'min_samples_split': 5, 'n_estimators': 600, 'random_state': 101}, std score of 0.003522, score rank of 216,
0.706824 (0.003574) with: {'max_depth': 12, 'min_samples_leaf': 1, 'min_samples_split': 5, 'n_estimators': 700, 'random_state': 101}, std score of 0.003574, score rank of 190,
0.708779 (0.004187) with: {'max_depth': 12, 'min_samples_leaf': 1, 'min_samples_split': 10, 'n_estimators': 200, 'random_state': 101}, std score of 0.004187, score rank of 28,
0.708202 (0.003896) with: {'max_depth': 12, 'min_samples_leaf': 1, 'min_samples_split': 10, 'n_estimators': 300, 'random_state': 101}, std score of 0.003896, score rank of 59,
0.708941 (0.004092) with: {'max_depth': 12, 'min_samples_leaf': 1, 'min_samples_split': 10, 'n_estimators': 350, 'random_state': 101}, std score of 0.004092, score rank of 14,
0.708587 (0.003775) with: {'max_depth': 12, 'min_samples_leaf': 1, 'min_samples_split': 10, 'n_estimators': 400, 'random_state': 101}, std score of 0.003775, score rank of 41,
0.708110 (0.003692) with: {'max_depth': 12, 'min_samples_leaf': 1, 'min_samples_split': 10, 'n_estimators': 450, 'random_state': 101}, std score of 0.003692, score rank of 64,
0.708131 (0.003412) with: {'max_depth': 12, 'min_samples_leaf': 1, 'min_samples_split': 10, 'n_estimators': 500, 'random_state': 101}, std score of 0.003412, score rank of 62,
0.707979 (0.003517) with: {'max_depth': 12, 'min_samples_leaf': 1, 'min_samples_split': 10, 'n_estimators': 600, 'random_state': 101}, std score of 0.003517, score rank of 69,
0.708339 (0.003515) with: {'max_depth': 12, 'min_samples_leaf': 1, 'min_samples_split': 10, 'n_estimators': 700, 'random_state': 101}, std score of 0.003515, score rank of 53,
0.707555 (0.003589) with: {'max_depth': 12, 'min_samples_leaf': 2, 'min_samples_split': 2, 'n_estimators': 200, 'random_state': 101}, std score of 0.003589, score rank of 136,
0.707212 (0.003152) with: {'max_depth': 12, 'min_samples_leaf': 2, 'min_samples_split': 2, 'n_estimators': 300, 'random_state': 101}, std score of 0.003152, score rank of 166,
0.706996 (0.003556) with: {'max_depth': 12, 'min_samples_leaf': 2, 'min_samples_split': 2, 'n_estimators': 350, 'random_state': 101}, std score of 0.003556, score rank of 183,
0.707094 (0.003949) with: {'max_depth': 12, 'min_samples_leaf': 2, 'min_samples_split': 2, 'n_estimators': 400, 'random_state': 101}, std score of 0.003949, score rank of 177,
0.707055 (0.003898) with: {'max_depth': 12, 'min_samples_leaf': 2, 'min_samples_split': 2, 'n_estimators': 450, 'random_state': 101}, std score of 0.003898, score rank of 180,
0.707227 (0.003487) with: {'max_depth': 12, 'min_samples_leaf': 2, 'min_samples_split': 2, 'n_estimators': 500, 'random_state': 101}, std score of 0.003487, score rank of 165,
0.707430 (0.003489) with: {'max_depth': 12, 'min_samples_leaf': 2, 'min_samples_split': 2, 'n_estimators': 600, 'random_state': 101}, std score of 0.003489, score rank of 156,
0.707543 (0.003141) with: {'max_depth': 12, 'min_samples_leaf': 2, 'min_samples_split': 2, 'n_estimators': 700, 'random_state': 101}, std score of 0.003141, score rank of 141,
0.708373 (0.004100) with: {'max_depth': 12, 'min_samples_leaf': 2, 'min_samples_split': 5, 'n_estimators': 200, 'random_state': 101}, std score of 0.004100, score rank of 52,
0.707600 (0.003589) with: {'max_depth': 12, 'min_samples_leaf': 2, 'min_samples_split': 5, 'n_estimators': 300, 'random_state': 101}, std score of 0.003589, score rank of 130,
0.707822 (0.004019) with: {'max_depth': 12, 'min_samples_leaf': 2, 'min_samples_split': 5, 'n_estimators': 350, 'random_state': 101}, std score of 0.004019, score rank of 92,
0.707658 (0.003464) with: {'max_depth': 12, 'min_samples_leaf': 2, 'min_samples_split': 5, 'n_estimators': 400, 'random_state': 101}, std score of 0.003464, score rank of 122,
0.707506 (0.003401) with: {'max_depth': 12, 'min_samples_leaf': 2, 'min_samples_split': 5, 'n_estimators': 450, 'random_state': 101}, std score of 0.003401, score rank of 150,
0.707925 (0.003371) with: {'max_depth': 12, 'min_samples_leaf': 2, 'min_samples_split': 5, 'n_estimators': 500, 'random_state': 101}, std score of 0.003371, score rank of 74,
0.707892 (0.003454) with: {'max_depth': 12, 'min_samples_leaf': 2, 'min_samples_split': 5, 'n_estimators': 600, 'random_state': 101}, std score of 0.003454, score rank of 83,
0.708070 (0.003306) with: {'max_depth': 12, 'min_samples_leaf': 2, 'min_samples_split': 5, 'n_estimators': 700, 'random_state': 101}, std score of 0.003306, score rank of 66,
0.708852 (0.004765) with: {'max_depth': 12, 'min_samples_leaf': 2, 'min_samples_split': 10, 'n_estimators': 200, 'random_state': 101}, std score of 0.004765, score rank of 24,
0.708899 (0.003958) with: {'max_depth': 12, 'min_samples_leaf': 2, 'min_samples_split': 10, 'n_estimators': 300, 'random_state': 101}, std score of 0.003958, score rank of 18,
0.708894 (0.004444) with: {'max_depth': 12, 'min_samples_leaf': 2, 'min_samples_split': 10, 'n_estimators': 350, 'random_state': 101}, std score of 0.004444, score rank of 21,
0.709179 (0.004114) with: {'max_depth': 12, 'min_samples_leaf': 2, 'min_samples_split': 10, 'n_estimators': 400, 'random_state': 101}, std score of 0.004114, score rank of 5,
0.708832 (0.004237) with: {'max_depth': 12, 'min_samples_leaf': 2, 'min_samples_split': 10, 'n_estimators': 450, 'random_state': 101}, std score of 0.004237, score rank of 25,
0.709120 (0.004264) with: {'max_depth': 12, 'min_samples_leaf': 2, 'min_samples_split': 10, 'n_estimators': 500, 'random_state': 101}, std score of 0.004264, score rank of 10,
0.708859 (0.004328) with: {'max_depth': 12, 'min_samples_leaf': 2, 'min_samples_split': 10, 'n_estimators': 600, 'random_state': 101}, std score of 0.004328, score rank of 23,
0.709054 (0.004045) with: {'max_depth': 12, 'min_samples_leaf': 2, 'min_samples_split': 10, 'n_estimators': 700, 'random_state': 101}, std score of 0.004045, score rank of 13,
0.708243 (0.003227) with: {'max_depth': 12, 'min_samples_leaf': 4, 'min_samples_split': 2, 'n_estimators': 200, 'random_state': 101}, std score of 0.003227, score rank of 56,
0.708586 (0.003789) with: {'max_depth': 12, 'min_samples_leaf': 4, 'min_samples_split': 2, 'n_estimators': 300, 'random_state': 101}, std score of 0.003789, score rank of 42,
0.708405 (0.004003) with: {'max_depth': 12, 'min_samples_leaf': 4, 'min_samples_split': 2, 'n_estimators': 350, 'random_state': 101}, std score of 0.004003, score rank of 50,
0.708820 (0.003706) with: {'max_depth': 12, 'min_samples_leaf': 4, 'min_samples_split': 2, 'n_estimators': 400, 'random_state': 101}, std score of 0.003706, score rank of 26,
0.708648 (0.003599) with: {'max_depth': 12, 'min_samples_leaf': 4, 'min_samples_split': 2, 'n_estimators': 450, 'random_state': 101}, std score of 0.003599, score rank of 37,
0.708413 (0.003327) with: {'max_depth': 12, 'min_samples_leaf': 4, 'min_samples_split': 2, 'n_estimators': 500, 'random_state': 101}, std score of 0.003327, score rank of 48,
0.708730 (0.003200) with: {'max_depth': 12, 'min_samples_leaf': 4, 'min_samples_split': 2, 'n_estimators': 600, 'random_state': 101}, std score of 0.003200, score rank of 31,
0.708657 (0.003751) with: {'max_depth': 12, 'min_samples_leaf': 4, 'min_samples_split': 2, 'n_estimators': 700, 'random_state': 101}, std score of 0.003751, score rank of 35,
0.708243 (0.003227) with: {'max_depth': 12, 'min_samples_leaf': 4, 'min_samples_split': 5, 'n_estimators': 200, 'random_state': 101}, std score of 0.003227, score rank of 56,
0.708586 (0.003789) with: {'max_depth': 12, 'min_samples_leaf': 4, 'min_samples_split': 5, 'n_estimators': 300, 'random_state': 101}, std score of 0.003789, score rank of 42,
0.708405 (0.004003) with: {'max_depth': 12, 'min_samples_leaf': 4, 'min_samples_split': 5, 'n_estimators': 350, 'random_state': 101}, std score of 0.004003, score rank of 50,
0.708820 (0.003706) with: {'max_depth': 12, 'min_samples_leaf': 4, 'min_samples_split': 5, 'n_estimators': 400, 'random_state': 101}, std score of 0.003706, score rank of 26,
0.708648 (0.003599) with: {'max_depth': 12, 'min_samples_leaf': 4, 'min_samples_split': 5, 'n_estimators': 450, 'random_state': 101}, std score of 0.003599, score rank of 37,
0.708413 (0.003327) with: {'max_depth': 12, 'min_samples_leaf': 4, 'min_samples_split': 5, 'n_estimators': 500, 'random_state': 101}, std score of 0.003327, score rank of 48,
0.708730 (0.003200) with: {'max_depth': 12, 'min_samples_leaf': 4, 'min_samples_split': 5, 'n_estimators': 600, 'random_state': 101}, std score of 0.003200, score rank of 31,
0.708657 (0.003751) with: {'max_depth': 12, 'min_samples_leaf': 4, 'min_samples_split': 5, 'n_estimators': 700, 'random_state': 101}, std score of 0.003751, score rank of 35,
0.708565 (0.003786) with: {'max_depth': 12, 'min_samples_leaf': 4, 'min_samples_split': 10, 'n_estimators': 200, 'random_state': 101}, std score of 0.003786, score rank of 44,
0.708936 (0.004327) with: {'max_depth': 12, 'min_samples_leaf': 4, 'min_samples_split': 10, 'n_estimators': 300, 'random_state': 101}, std score of 0.004327, score rank of 15,
0.708663 (0.003711) with: {'max_depth': 12, 'min_samples_leaf': 4, 'min_samples_split': 10, 'n_estimators': 350, 'random_state': 101}, std score of 0.003711, score rank of 34,
0.708620 (0.003973) with: {'max_depth': 12, 'min_samples_leaf': 4, 'min_samples_split': 10, 'n_estimators': 400, 'random_state': 101}, std score of 0.003973, score rank of 40,
0.708334 (0.004256) with: {'max_depth': 12, 'min_samples_leaf': 4, 'min_samples_split': 10, 'n_estimators': 450, 'random_state': 101}, std score of 0.004256, score rank of 54,
0.708504 (0.004137) with: {'max_depth': 12, 'min_samples_leaf': 4, 'min_samples_split': 10, 'n_estimators': 500, 'random_state': 101}, std score of 0.004137, score rank of 45,
0.708885 (0.003739) with: {'max_depth': 12, 'min_samples_leaf': 4, 'min_samples_split': 10, 'n_estimators': 600, 'random_state': 101}, std score of 0.003739, score rank of 22,
0.708210 (0.003681) with: {'max_depth': 12, 'min_samples_leaf': 4, 'min_samples_split': 10, 'n_estimators': 700, 'random_state': 101}, std score of 0.003681, score rank of 58,
0.704908 (0.003938) with: {'max_depth': 13, 'min_samples_leaf': 1, 'min_samples_split': 2, 'n_estimators': 200, 'random_state': 101}, std score of 0.003938, score rank of 351,
0.705263 (0.003690) with: {'max_depth': 13, 'min_samples_leaf': 1, 'min_samples_split': 2, 'n_estimators': 300, 'random_state': 101}, std score of 0.003690, score rank of 344,
0.704910 (0.003358) with: {'max_depth': 13, 'min_samples_leaf': 1, 'min_samples_split': 2, 'n_estimators': 350, 'random_state': 101}, std score of 0.003358, score rank of 350,
0.704531 (0.003428) with: {'max_depth': 13, 'min_samples_leaf': 1, 'min_samples_split': 2, 'n_estimators': 400, 'random_state': 101}, std score of 0.003428, score rank of 357,
0.704594 (0.003538) with: {'max_depth': 13, 'min_samples_leaf': 1, 'min_samples_split': 2, 'n_estimators': 450, 'random_state': 101}, std score of 0.003538, score rank of 355,
0.704417 (0.003506) with: {'max_depth': 13, 'min_samples_leaf': 1, 'min_samples_split': 2, 'n_estimators': 500, 'random_state': 101}, std score of 0.003506, score rank of 360,
0.704644 (0.003653) with: {'max_depth': 13, 'min_samples_leaf': 1, 'min_samples_split': 2, 'n_estimators': 600, 'random_state': 101}, std score of 0.003653, score rank of 354,
0.704325 (0.003266) with: {'max_depth': 13, 'min_samples_leaf': 1, 'min_samples_split': 2, 'n_estimators': 700, 'random_state': 101}, std score of 0.003266, score rank of 362,
0.706107 (0.002875) with: {'max_depth': 13, 'min_samples_leaf': 1, 'min_samples_split': 5, 'n_estimators': 200, 'random_state': 101}, std score of 0.002875, score rank of 273,
0.706038 (0.003442) with: {'max_depth': 13, 'min_samples_leaf': 1, 'min_samples_split': 5, 'n_estimators': 300, 'random_state': 101}, std score of 0.003442, score rank of 281,
0.706138 (0.003247) with: {'max_depth': 13, 'min_samples_leaf': 1, 'min_samples_split': 5, 'n_estimators': 350, 'random_state': 101}, std score of 0.003247, score rank of 266,
0.705826 (0.003453) with: {'max_depth': 13, 'min_samples_leaf': 1, 'min_samples_split': 5, 'n_estimators': 400, 'random_state': 101}, std score of 0.003453, score rank of 298,
0.706103 (0.003406) with: {'max_depth': 13, 'min_samples_leaf': 1, 'min_samples_split': 5, 'n_estimators': 450, 'random_state': 101}, std score of 0.003406, score rank of 274,
0.706096 (0.003602) with: {'max_depth': 13, 'min_samples_leaf': 1, 'min_samples_split': 5, 'n_estimators': 500, 'random_state': 101}, std score of 0.003602, score rank of 276,
0.705940 (0.003810) with: {'max_depth': 13, 'min_samples_leaf': 1, 'min_samples_split': 5, 'n_estimators': 600, 'random_state': 101}, std score of 0.003810, score rank of 291,
0.705717 (0.003509) with: {'max_depth': 13, 'min_samples_leaf': 1, 'min_samples_split': 5, 'n_estimators': 700, 'random_state': 101}, std score of 0.003509, score rank of 312,
0.707097 (0.003814) with: {'max_depth': 13, 'min_samples_leaf': 1, 'min_samples_split': 10, 'n_estimators': 200, 'random_state': 101}, std score of 0.003814, score rank of 176,
0.707534 (0.003994) with: {'max_depth': 13, 'min_samples_leaf': 1, 'min_samples_split': 10, 'n_estimators': 300, 'random_state': 101}, std score of 0.003994, score rank of 145,
0.707544 (0.003878) with: {'max_depth': 13, 'min_samples_leaf': 1, 'min_samples_split': 10, 'n_estimators': 350, 'random_state': 101}, std score of 0.003878, score rank of 140,
0.707547 (0.004619) with: {'max_depth': 13, 'min_samples_leaf': 1, 'min_samples_split': 10, 'n_estimators': 400, 'random_state': 101}, std score of 0.004619, score rank of 139,
0.707919 (0.004314) with: {'max_depth': 13, 'min_samples_leaf': 1, 'min_samples_split': 10, 'n_estimators': 450, 'random_state': 101}, std score of 0.004314, score rank of 78,
0.707924 (0.004494) with: {'max_depth': 13, 'min_samples_leaf': 1, 'min_samples_split': 10, 'n_estimators': 500, 'random_state': 101}, std score of 0.004494, score rank of 75,
0.707895 (0.004684) with: {'max_depth': 13, 'min_samples_leaf': 1, 'min_samples_split': 10, 'n_estimators': 600, 'random_state': 101}, std score of 0.004684, score rank of 82,
0.707965 (0.004122) with: {'max_depth': 13, 'min_samples_leaf': 1, 'min_samples_split': 10, 'n_estimators': 700, 'random_state': 101}, std score of 0.004122, score rank of 71,
0.706163 (0.003190) with: {'max_depth': 13, 'min_samples_leaf': 2, 'min_samples_split': 2, 'n_estimators': 200, 'random_state': 101}, std score of 0.003190, score rank of 264,
0.706266 (0.002964) with: {'max_depth': 13, 'min_samples_leaf': 2, 'min_samples_split': 2, 'n_estimators': 300, 'random_state': 101}, std score of 0.002964, score rank of 247,
0.706475 (0.003339) with: {'max_depth': 13, 'min_samples_leaf': 2, 'min_samples_split': 2, 'n_estimators': 350, 'random_state': 101}, std score of 0.003339, score rank of 220,
0.706268 (0.003313) with: {'max_depth': 13, 'min_samples_leaf': 2, 'min_samples_split': 2, 'n_estimators': 400, 'random_state': 101}, std score of 0.003313, score rank of 246,
0.706368 (0.003269) with: {'max_depth': 13, 'min_samples_leaf': 2, 'min_samples_split': 2, 'n_estimators': 450, 'random_state': 101}, std score of 0.003269, score rank of 237,
0.706447 (0.003176) with: {'max_depth': 13, 'min_samples_leaf': 2, 'min_samples_split': 2, 'n_estimators': 500, 'random_state': 101}, std score of 0.003176, score rank of 229,
0.705924 (0.003290) with: {'max_depth': 13, 'min_samples_leaf': 2, 'min_samples_split': 2, 'n_estimators': 600, 'random_state': 101}, std score of 0.003290, score rank of 292,
0.706255 (0.002989) with: {'max_depth': 13, 'min_samples_leaf': 2, 'min_samples_split': 2, 'n_estimators': 700, 'random_state': 101}, std score of 0.002989, score rank of 251,
0.706533 (0.003497) with: {'max_depth': 13, 'min_samples_leaf': 2, 'min_samples_split': 5, 'n_estimators': 200, 'random_state': 101}, std score of 0.003497, score rank of 209,
0.705944 (0.003456) with: {'max_depth': 13, 'min_samples_leaf': 2, 'min_samples_split': 5, 'n_estimators': 300, 'random_state': 101}, std score of 0.003456, score rank of 290,
0.706473 (0.003865) with: {'max_depth': 13, 'min_samples_leaf': 2, 'min_samples_split': 5, 'n_estimators': 350, 'random_state': 101}, std score of 0.003865, score rank of 222,
0.706233 (0.003628) with: {'max_depth': 13, 'min_samples_leaf': 2, 'min_samples_split': 5, 'n_estimators': 400, 'random_state': 101}, std score of 0.003628, score rank of 255,
0.706469 (0.003580) with: {'max_depth': 13, 'min_samples_leaf': 2, 'min_samples_split': 5, 'n_estimators': 450, 'random_state': 101}, std score of 0.003580, score rank of 224,
0.706464 (0.003658) with: {'max_depth': 13, 'min_samples_leaf': 2, 'min_samples_split': 5, 'n_estimators': 500, 'random_state': 101}, std score of 0.003658, score rank of 226,
0.706497 (0.003501) with: {'max_depth': 13, 'min_samples_leaf': 2, 'min_samples_split': 5, 'n_estimators': 600, 'random_state': 101}, std score of 0.003501, score rank of 218,
0.706274 (0.003276) with: {'max_depth': 13, 'min_samples_leaf': 2, 'min_samples_split': 5, 'n_estimators': 700, 'random_state': 101}, std score of 0.003276, score rank of 244,
0.707920 (0.003446) with: {'max_depth': 13, 'min_samples_leaf': 2, 'min_samples_split': 10, 'n_estimators': 200, 'random_state': 101}, std score of 0.003446, score rank of 77,
0.707891 (0.003464) with: {'max_depth': 13, 'min_samples_leaf': 2, 'min_samples_split': 10, 'n_estimators': 300, 'random_state': 101}, std score of 0.003464, score rank of 84,
0.707821 (0.003368) with: {'max_depth': 13, 'min_samples_leaf': 2, 'min_samples_split': 10, 'n_estimators': 350, 'random_state': 101}, std score of 0.003368, score rank of 93,
0.707598 (0.003478) with: {'max_depth': 13, 'min_samples_leaf': 2, 'min_samples_split': 10, 'n_estimators': 400, 'random_state': 101}, std score of 0.003478, score rank of 131,
0.707435 (0.003285) with: {'max_depth': 13, 'min_samples_leaf': 2, 'min_samples_split': 10, 'n_estimators': 450, 'random_state': 101}, std score of 0.003285, score rank of 155,
0.707500 (0.003893) with: {'max_depth': 13, 'min_samples_leaf': 2, 'min_samples_split': 10, 'n_estimators': 500, 'random_state': 101}, std score of 0.003893, score rank of 152,
0.707862 (0.003738) with: {'max_depth': 13, 'min_samples_leaf': 2, 'min_samples_split': 10, 'n_estimators': 600, 'random_state': 101}, std score of 0.003738, score rank of 87,
0.707678 (0.003708) with: {'max_depth': 13, 'min_samples_leaf': 2, 'min_samples_split': 10, 'n_estimators': 700, 'random_state': 101}, std score of 0.003708, score rank of 115,
0.709086 (0.003977) with: {'max_depth': 13, 'min_samples_leaf': 4, 'min_samples_split': 2, 'n_estimators': 200, 'random_state': 101}, std score of 0.003977, score rank of 11,
0.708920 (0.004462) with: {'max_depth': 13, 'min_samples_leaf': 4, 'min_samples_split': 2, 'n_estimators': 300, 'random_state': 101}, std score of 0.004462, score rank of 16,
0.709379 (0.004576) with: {'max_depth': 13, 'min_samples_leaf': 4, 'min_samples_split': 2, 'n_estimators': 350, 'random_state': 101}, std score of 0.004576, score rank of 1,
0.709121 (0.004655) with: {'max_depth': 13, 'min_samples_leaf': 4, 'min_samples_split': 2, 'n_estimators': 400, 'random_state': 101}, std score of 0.004655, score rank of 8,
0.709264 (0.004532) with: {'max_depth': 13, 'min_samples_leaf': 4, 'min_samples_split': 2, 'n_estimators': 450, 'random_state': 101}, std score of 0.004532, score rank of 3,
0.709139 (0.004337) with: {'max_depth': 13, 'min_samples_leaf': 4, 'min_samples_split': 2, 'n_estimators': 500, 'random_state': 101}, std score of 0.004337, score rank of 6,
0.708897 (0.003719) with: {'max_depth': 13, 'min_samples_leaf': 4, 'min_samples_split': 2, 'n_estimators': 600, 'random_state': 101}, std score of 0.003719, score rank of 19,
0.708737 (0.003805) with: {'max_depth': 13, 'min_samples_leaf': 4, 'min_samples_split': 2, 'n_estimators': 700, 'random_state': 101}, std score of 0.003805, score rank of 29,
0.709086 (0.003977) with: {'max_depth': 13, 'min_samples_leaf': 4, 'min_samples_split': 5, 'n_estimators': 200, 'random_state': 101}, std score of 0.003977, score rank of 11,
0.708920 (0.004462) with: {'max_depth': 13, 'min_samples_leaf': 4, 'min_samples_split': 5, 'n_estimators': 300, 'random_state': 101}, std score of 0.004462, score rank of 16,
0.709379 (0.004576) with: {'max_depth': 13, 'min_samples_leaf': 4, 'min_samples_split': 5, 'n_estimators': 350, 'random_state': 101}, std score of 0.004576, score rank of 1,
0.709121 (0.004655) with: {'max_depth': 13, 'min_samples_leaf': 4, 'min_samples_split': 5, 'n_estimators': 400, 'random_state': 101}, std score of 0.004655, score rank of 8,
0.709264 (0.004532) with: {'max_depth': 13, 'min_samples_leaf': 4, 'min_samples_split': 5, 'n_estimators': 450, 'random_state': 101}, std score of 0.004532, score rank of 3,
0.709139 (0.004337) with: {'max_depth': 13, 'min_samples_leaf': 4, 'min_samples_split': 5, 'n_estimators': 500, 'random_state': 101}, std score of 0.004337, score rank of 6,
0.708897 (0.003719) with: {'max_depth': 13, 'min_samples_leaf': 4, 'min_samples_split': 5, 'n_estimators': 600, 'random_state': 101}, std score of 0.003719, score rank of 19,
0.708737 (0.003805) with: {'max_depth': 13, 'min_samples_leaf': 4, 'min_samples_split': 5, 'n_estimators': 700, 'random_state': 101}, std score of 0.003805, score rank of 29,
0.708066 (0.003148) with: {'max_depth': 13, 'min_samples_leaf': 4, 'min_samples_split': 10, 'n_estimators': 200, 'random_state': 101}, std score of 0.003148, score rank of 67,
0.707954 (0.003275) with: {'max_depth': 13, 'min_samples_leaf': 4, 'min_samples_split': 10, 'n_estimators': 300, 'random_state': 101}, std score of 0.003275, score rank of 72,
0.708310 (0.003314) with: {'max_depth': 13, 'min_samples_leaf': 4, 'min_samples_split': 10, 'n_estimators': 350, 'random_state': 101}, std score of 0.003314, score rank of 55,
0.707806 (0.003481) with: {'max_depth': 13, 'min_samples_leaf': 4, 'min_samples_split': 10, 'n_estimators': 400, 'random_state': 101}, std score of 0.003481, score rank of 94,
0.707797 (0.003311) with: {'max_depth': 13, 'min_samples_leaf': 4, 'min_samples_split': 10, 'n_estimators': 450, 'random_state': 101}, std score of 0.003311, score rank of 96,
0.708083 (0.003017) with: {'max_depth': 13, 'min_samples_leaf': 4, 'min_samples_split': 10, 'n_estimators': 500, 'random_state': 101}, std score of 0.003017, score rank of 65,
0.708489 (0.002944) with: {'max_depth': 13, 'min_samples_leaf': 4, 'min_samples_split': 10, 'n_estimators': 600, 'random_state': 101}, std score of 0.002944, score rank of 46,
0.708630 (0.003108) with: {'max_depth': 13, 'min_samples_leaf': 4, 'min_samples_split': 10, 'n_estimators': 700, 'random_state': 101}, std score of 0.003108, score rank of 39,
0.701638 (0.002221) with: {'max_depth': 14, 'min_samples_leaf': 1, 'min_samples_split': 2, 'n_estimators': 200, 'random_state': 101}, std score of 0.002221, score rank of 393,
0.701237 (0.002586) with: {'max_depth': 14, 'min_samples_leaf': 1, 'min_samples_split': 2, 'n_estimators': 300, 'random_state': 101}, std score of 0.002586, score rank of 397,
0.701069 (0.002844) with: {'max_depth': 14, 'min_samples_leaf': 1, 'min_samples_split': 2, 'n_estimators': 350, 'random_state': 101}, std score of 0.002844, score rank of 405,
0.700746 (0.002596) with: {'max_depth': 14, 'min_samples_leaf': 1, 'min_samples_split': 2, 'n_estimators': 400, 'random_state': 101}, std score of 0.002596, score rank of 411,
0.700994 (0.002851) with: {'max_depth': 14, 'min_samples_leaf': 1, 'min_samples_split': 2, 'n_estimators': 450, 'random_state': 101}, std score of 0.002851, score rank of 407,
0.701108 (0.002621) with: {'max_depth': 14, 'min_samples_leaf': 1, 'min_samples_split': 2, 'n_estimators': 500, 'random_state': 101}, std score of 0.002621, score rank of 402,
0.701371 (0.002882) with: {'max_depth': 14, 'min_samples_leaf': 1, 'min_samples_split': 2, 'n_estimators': 600, 'random_state': 101}, std score of 0.002882, score rank of 394,
0.701327 (0.002859) with: {'max_depth': 14, 'min_samples_leaf': 1, 'min_samples_split': 2, 'n_estimators': 700, 'random_state': 101}, std score of 0.002859, score rank of 395,
0.703331 (0.003550) with: {'max_depth': 14, 'min_samples_leaf': 1, 'min_samples_split': 5, 'n_estimators': 200, 'random_state': 101}, std score of 0.003550, score rank of 381,
0.703154 (0.003720) with: {'max_depth': 14, 'min_samples_leaf': 1, 'min_samples_split': 5, 'n_estimators': 300, 'random_state': 101}, std score of 0.003720, score rank of 387,
0.703198 (0.003341) with: {'max_depth': 14, 'min_samples_leaf': 1, 'min_samples_split': 5, 'n_estimators': 350, 'random_state': 101}, std score of 0.003341, score rank of 383,
0.703107 (0.003473) with: {'max_depth': 14, 'min_samples_leaf': 1, 'min_samples_split': 5, 'n_estimators': 400, 'random_state': 101}, std score of 0.003473, score rank of 388,
0.703168 (0.003434) with: {'max_depth': 14, 'min_samples_leaf': 1, 'min_samples_split': 5, 'n_estimators': 450, 'random_state': 101}, std score of 0.003434, score rank of 385,
0.703042 (0.003170) with: {'max_depth': 14, 'min_samples_leaf': 1, 'min_samples_split': 5, 'n_estimators': 500, 'random_state': 101}, std score of 0.003170, score rank of 390,
0.703013 (0.003596) with: {'max_depth': 14, 'min_samples_leaf': 1, 'min_samples_split': 5, 'n_estimators': 600, 'random_state': 101}, std score of 0.003596, score rank of 391,
0.702504 (0.002999) with: {'max_depth': 14, 'min_samples_leaf': 1, 'min_samples_split': 5, 'n_estimators': 700, 'random_state': 101}, std score of 0.002999, score rank of 392,
0.705679 (0.003255) with: {'max_depth': 14, 'min_samples_leaf': 1, 'min_samples_split': 10, 'n_estimators': 200, 'random_state': 101}, std score of 0.003255, score rank of 317,
0.705922 (0.003764) with: {'max_depth': 14, 'min_samples_leaf': 1, 'min_samples_split': 10, 'n_estimators': 300, 'random_state': 101}, std score of 0.003764, score rank of 294,
0.705901 (0.003610) with: {'max_depth': 14, 'min_samples_leaf': 1, 'min_samples_split': 10, 'n_estimators': 350, 'random_state': 101}, std score of 0.003610, score rank of 296,
0.705789 (0.003425) with: {'max_depth': 14, 'min_samples_leaf': 1, 'min_samples_split': 10, 'n_estimators': 400, 'random_state': 101}, std score of 0.003425, score rank of 302,
0.705716 (0.003544) with: {'max_depth': 14, 'min_samples_leaf': 1, 'min_samples_split': 10, 'n_estimators': 450, 'random_state': 101}, std score of 0.003544, score rank of 313,
0.705502 (0.003821) with: {'max_depth': 14, 'min_samples_leaf': 1, 'min_samples_split': 10, 'n_estimators': 500, 'random_state': 101}, std score of 0.003821, score rank of 335,
0.705608 (0.003560) with: {'max_depth': 14, 'min_samples_leaf': 1, 'min_samples_split': 10, 'n_estimators': 600, 'random_state': 101}, std score of 0.003560, score rank of 326,
0.705661 (0.002832) with: {'max_depth': 14, 'min_samples_leaf': 1, 'min_samples_split': 10, 'n_estimators': 700, 'random_state': 101}, std score of 0.002832, score rank of 320,
0.703216 (0.003062) with: {'max_depth': 14, 'min_samples_leaf': 2, 'min_samples_split': 2, 'n_estimators': 200, 'random_state': 101}, std score of 0.003062, score rank of 382,
0.703408 (0.002320) with: {'max_depth': 14, 'min_samples_leaf': 2, 'min_samples_split': 2, 'n_estimators': 300, 'random_state': 101}, std score of 0.002320, score rank of 379,
0.703783 (0.002867) with: {'max_depth': 14, 'min_samples_leaf': 2, 'min_samples_split': 2, 'n_estimators': 350, 'random_state': 101}, std score of 0.002867, score rank of 368,
0.703952 (0.002479) with: {'max_depth': 14, 'min_samples_leaf': 2, 'min_samples_split': 2, 'n_estimators': 400, 'random_state': 101}, std score of 0.002479, score rank of 365,
0.703717 (0.002434) with: {'max_depth': 14, 'min_samples_leaf': 2, 'min_samples_split': 2, 'n_estimators': 450, 'random_state': 101}, std score of 0.002434, score rank of 369,
0.704224 (0.002182) with: {'max_depth': 14, 'min_samples_leaf': 2, 'min_samples_split': 2, 'n_estimators': 500, 'random_state': 101}, std score of 0.002182, score rank of 363,
0.703528 (0.002651) with: {'max_depth': 14, 'min_samples_leaf': 2, 'min_samples_split': 2, 'n_estimators': 600, 'random_state': 101}, std score of 0.002651, score rank of 376,
0.703881 (0.002499) with: {'max_depth': 14, 'min_samples_leaf': 2, 'min_samples_split': 2, 'n_estimators': 700, 'random_state': 101}, std score of 0.002499, score rank of 366,
0.703158 (0.002441) with: {'max_depth': 14, 'min_samples_leaf': 2, 'min_samples_split': 5, 'n_estimators': 200, 'random_state': 101}, std score of 0.002441, score rank of 386,
0.703505 (0.002150) with: {'max_depth': 14, 'min_samples_leaf': 2, 'min_samples_split': 5, 'n_estimators': 300, 'random_state': 101}, std score of 0.002150, score rank of 377,
0.703555 (0.002249) with: {'max_depth': 14, 'min_samples_leaf': 2, 'min_samples_split': 5, 'n_estimators': 350, 'random_state': 101}, std score of 0.002249, score rank of 375,
0.703181 (0.002827) with: {'max_depth': 14, 'min_samples_leaf': 2, 'min_samples_split': 5, 'n_estimators': 400, 'random_state': 101}, std score of 0.002827, score rank of 384,
0.703073 (0.002754) with: {'max_depth': 14, 'min_samples_leaf': 2, 'min_samples_split': 5, 'n_estimators': 450, 'random_state': 101}, std score of 0.002754, score rank of 389,
0.703403 (0.002786) with: {'max_depth': 14, 'min_samples_leaf': 2, 'min_samples_split': 5, 'n_estimators': 500, 'random_state': 101}, std score of 0.002786, score rank of 380,
0.703564 (0.002498) with: {'max_depth': 14, 'min_samples_leaf': 2, 'min_samples_split': 5, 'n_estimators': 600, 'random_state': 101}, std score of 0.002498, score rank of 374,
0.703454 (0.002458) with: {'max_depth': 14, 'min_samples_leaf': 2, 'min_samples_split': 5, 'n_estimators': 700, 'random_state': 101}, std score of 0.002458, score rank of 378,
0.706683 (0.003019) with: {'max_depth': 14, 'min_samples_leaf': 2, 'min_samples_split': 10, 'n_estimators': 200, 'random_state': 101}, std score of 0.003019, score rank of 205,
0.706929 (0.003722) with: {'max_depth': 14, 'min_samples_leaf': 2, 'min_samples_split': 10, 'n_estimators': 300, 'random_state': 101}, std score of 0.003722, score rank of 188,
0.707088 (0.003676) with: {'max_depth': 14, 'min_samples_leaf': 2, 'min_samples_split': 10, 'n_estimators': 350, 'random_state': 101}, std score of 0.003676, score rank of 178,
0.706522 (0.003365) with: {'max_depth': 14, 'min_samples_leaf': 2, 'min_samples_split': 10, 'n_estimators': 400, 'random_state': 101}, std score of 0.003365, score rank of 212,
0.706734 (0.003775) with: {'max_depth': 14, 'min_samples_leaf': 2, 'min_samples_split': 10, 'n_estimators': 450, 'random_state': 101}, std score of 0.003775, score rank of 200,
0.706806 (0.004043) with: {'max_depth': 14, 'min_samples_leaf': 2, 'min_samples_split': 10, 'n_estimators': 500, 'random_state': 101}, std score of 0.004043, score rank of 192,
0.706472 (0.004132) with: {'max_depth': 14, 'min_samples_leaf': 2, 'min_samples_split': 10, 'n_estimators': 600, 'random_state': 101}, std score of 0.004132, score rank of 223,
0.706254 (0.004100) with: {'max_depth': 14, 'min_samples_leaf': 2, 'min_samples_split': 10, 'n_estimators': 700, 'random_state': 101}, std score of 0.004100, score rank of 252,
0.706522 (0.003472) with: {'max_depth': 14, 'min_samples_leaf': 4, 'min_samples_split': 2, 'n_estimators': 200, 'random_state': 101}, std score of 0.003472, score rank of 213,
0.706795 (0.002953) with: {'max_depth': 14, 'min_samples_leaf': 4, 'min_samples_split': 2, 'n_estimators': 300, 'random_state': 101}, std score of 0.002953, score rank of 193,
0.706698 (0.002648) with: {'max_depth': 14, 'min_samples_leaf': 4, 'min_samples_split': 2, 'n_estimators': 350, 'random_state': 101}, std score of 0.002648, score rank of 203,
0.707351 (0.002755) with: {'max_depth': 14, 'min_samples_leaf': 4, 'min_samples_split': 2, 'n_estimators': 400, 'random_state': 101}, std score of 0.002755, score rank of 160,
0.707028 (0.003052) with: {'max_depth': 14, 'min_samples_leaf': 4, 'min_samples_split': 2, 'n_estimators': 450, 'random_state': 101}, std score of 0.003052, score rank of 181,
0.707107 (0.002908) with: {'max_depth': 14, 'min_samples_leaf': 4, 'min_samples_split': 2, 'n_estimators': 500, 'random_state': 101}, std score of 0.002908, score rank of 174,
0.707166 (0.003336) with: {'max_depth': 14, 'min_samples_leaf': 4, 'min_samples_split': 2, 'n_estimators': 600, 'random_state': 101}, std score of 0.003336, score rank of 169,
0.706978 (0.003243) with: {'max_depth': 14, 'min_samples_leaf': 4, 'min_samples_split': 2, 'n_estimators': 700, 'random_state': 101}, std score of 0.003243, score rank of 184,
0.706522 (0.003472) with: {'max_depth': 14, 'min_samples_leaf': 4, 'min_samples_split': 5, 'n_estimators': 200, 'random_state': 101}, std score of 0.003472, score rank of 213,
0.706795 (0.002953) with: {'max_depth': 14, 'min_samples_leaf': 4, 'min_samples_split': 5, 'n_estimators': 300, 'random_state': 101}, std score of 0.002953, score rank of 193,
0.706698 (0.002648) with: {'max_depth': 14, 'min_samples_leaf': 4, 'min_samples_split': 5, 'n_estimators': 350, 'random_state': 101}, std score of 0.002648, score rank of 203,
0.707351 (0.002755) with: {'max_depth': 14, 'min_samples_leaf': 4, 'min_samples_split': 5, 'n_estimators': 400, 'random_state': 101}, std score of 0.002755, score rank of 160,
0.707028 (0.003052) with: {'max_depth': 14, 'min_samples_leaf': 4, 'min_samples_split': 5, 'n_estimators': 450, 'random_state': 101}, std score of 0.003052, score rank of 181,
0.707107 (0.002908) with: {'max_depth': 14, 'min_samples_leaf': 4, 'min_samples_split': 5, 'n_estimators': 500, 'random_state': 101}, std score of 0.002908, score rank of 174,
0.707166 (0.003336) with: {'max_depth': 14, 'min_samples_leaf': 4, 'min_samples_split': 5, 'n_estimators': 600, 'random_state': 101}, std score of 0.003336, score rank of 169,
0.706978 (0.003243) with: {'max_depth': 14, 'min_samples_leaf': 4, 'min_samples_split': 5, 'n_estimators': 700, 'random_state': 101}, std score of 0.003243, score rank of 184,
0.708120 (0.004002) with: {'max_depth': 14, 'min_samples_leaf': 4, 'min_samples_split': 10, 'n_estimators': 200, 'random_state': 101}, std score of 0.004002, score rank of 63,
0.707896 (0.003780) with: {'max_depth': 14, 'min_samples_leaf': 4, 'min_samples_split': 10, 'n_estimators': 300, 'random_state': 101}, std score of 0.003780, score rank of 81,
0.707487 (0.003696) with: {'max_depth': 14, 'min_samples_leaf': 4, 'min_samples_split': 10, 'n_estimators': 350, 'random_state': 101}, std score of 0.003696, score rank of 153,
0.707595 (0.003909) with: {'max_depth': 14, 'min_samples_leaf': 4, 'min_samples_split': 10, 'n_estimators': 400, 'random_state': 101}, std score of 0.003909, score rank of 132,
0.707484 (0.003959) with: {'max_depth': 14, 'min_samples_leaf': 4, 'min_samples_split': 10, 'n_estimators': 450, 'random_state': 101}, std score of 0.003959, score rank of 154,
0.707539 (0.003459) with: {'max_depth': 14, 'min_samples_leaf': 4, 'min_samples_split': 10, 'n_estimators': 500, 'random_state': 101}, std score of 0.003459, score rank of 144,
0.707869 (0.003364) with: {'max_depth': 14, 'min_samples_leaf': 4, 'min_samples_split': 10, 'n_estimators': 600, 'random_state': 101}, std score of 0.003364, score rank of 86,
0.707765 (0.003202) with: {'max_depth': 14, 'min_samples_leaf': 4, 'min_samples_split': 10, 'n_estimators': 700, 'random_state': 101}, std score of 0.003202, score rank of 102,
0.698150 (0.002492) with: {'max_depth': 15, 'min_samples_leaf': 1, 'min_samples_split': 2, 'n_estimators': 200, 'random_state': 101}, std score of 0.002492, score rank of 430,
0.698104 (0.002310) with: {'max_depth': 15, 'min_samples_leaf': 1, 'min_samples_split': 2, 'n_estimators': 300, 'random_state': 101}, std score of 0.002310, score rank of 432,
0.698636 (0.002565) with: {'max_depth': 15, 'min_samples_leaf': 1, 'min_samples_split': 2, 'n_estimators': 350, 'random_state': 101}, std score of 0.002565, score rank of 427,
0.698545 (0.002654) with: {'max_depth': 15, 'min_samples_leaf': 1, 'min_samples_split': 2, 'n_estimators': 400, 'random_state': 101}, std score of 0.002654, score rank of 428,
0.698445 (0.002590) with: {'max_depth': 15, 'min_samples_leaf': 1, 'min_samples_split': 2, 'n_estimators': 450, 'random_state': 101}, std score of 0.002590, score rank of 429,
0.698735 (0.002094) with: {'max_depth': 15, 'min_samples_leaf': 1, 'min_samples_split': 2, 'n_estimators': 500, 'random_state': 101}, std score of 0.002094, score rank of 425,
0.698654 (0.002234) with: {'max_depth': 15, 'min_samples_leaf': 1, 'min_samples_split': 2, 'n_estimators': 600, 'random_state': 101}, std score of 0.002234, score rank of 426,
0.698140 (0.002557) with: {'max_depth': 15, 'min_samples_leaf': 1, 'min_samples_split': 2, 'n_estimators': 700, 'random_state': 101}, std score of 0.002557, score rank of 431,
0.699550 (0.001596) with: {'max_depth': 15, 'min_samples_leaf': 1, 'min_samples_split': 5, 'n_estimators': 200, 'random_state': 101}, std score of 0.001596, score rank of 424,
0.699818 (0.002378) with: {'max_depth': 15, 'min_samples_leaf': 1, 'min_samples_split': 5, 'n_estimators': 300, 'random_state': 101}, std score of 0.002378, score rank of 420,
0.699858 (0.002103) with: {'max_depth': 15, 'min_samples_leaf': 1, 'min_samples_split': 5, 'n_estimators': 350, 'random_state': 101}, std score of 0.002103, score rank of 419,
0.699748 (0.001871) with: {'max_depth': 15, 'min_samples_leaf': 1, 'min_samples_split': 5, 'n_estimators': 400, 'random_state': 101}, std score of 0.001871, score rank of 423,
0.699780 (0.002449) with: {'max_depth': 15, 'min_samples_leaf': 1, 'min_samples_split': 5, 'n_estimators': 450, 'random_state': 101}, std score of 0.002449, score rank of 421,
0.699923 (0.002312) with: {'max_depth': 15, 'min_samples_leaf': 1, 'min_samples_split': 5, 'n_estimators': 500, 'random_state': 101}, std score of 0.002312, score rank of 418,
0.699755 (0.002474) with: {'max_depth': 15, 'min_samples_leaf': 1, 'min_samples_split': 5, 'n_estimators': 600, 'random_state': 101}, std score of 0.002474, score rank of 422,
0.700068 (0.002275) with: {'max_depth': 15, 'min_samples_leaf': 1, 'min_samples_split': 5, 'n_estimators': 700, 'random_state': 101}, std score of 0.002275, score rank of 417,
0.703572 (0.003007) with: {'max_depth': 15, 'min_samples_leaf': 1, 'min_samples_split': 10, 'n_estimators': 200, 'random_state': 101}, std score of 0.003007, score rank of 373,
0.703707 (0.002574) with: {'max_depth': 15, 'min_samples_leaf': 1, 'min_samples_split': 10, 'n_estimators': 300, 'random_state': 101}, std score of 0.002574, score rank of 370,
0.704467 (0.003168) with: {'max_depth': 15, 'min_samples_leaf': 1, 'min_samples_split': 10, 'n_estimators': 350, 'random_state': 101}, std score of 0.003168, score rank of 358,
0.703658 (0.002721) with: {'max_depth': 15, 'min_samples_leaf': 1, 'min_samples_split': 10, 'n_estimators': 400, 'random_state': 101}, std score of 0.002721, score rank of 371,
0.704052 (0.002915) with: {'max_depth': 15, 'min_samples_leaf': 1, 'min_samples_split': 10, 'n_estimators': 450, 'random_state': 101}, std score of 0.002915, score rank of 364,
0.704340 (0.003105) with: {'max_depth': 15, 'min_samples_leaf': 1, 'min_samples_split': 10, 'n_estimators': 500, 'random_state': 101}, std score of 0.003105, score rank of 361,
0.703644 (0.003084) with: {'max_depth': 15, 'min_samples_leaf': 1, 'min_samples_split': 10, 'n_estimators': 600, 'random_state': 101}, std score of 0.003084, score rank of 372,
0.703874 (0.003419) with: {'max_depth': 15, 'min_samples_leaf': 1, 'min_samples_split': 10, 'n_estimators': 700, 'random_state': 101}, std score of 0.003419, score rank of 367,
0.700471 (0.003410) with: {'max_depth': 15, 'min_samples_leaf': 2, 'min_samples_split': 2, 'n_estimators': 200, 'random_state': 101}, std score of 0.003410, score rank of 416,
0.700480 (0.003721) with: {'max_depth': 15, 'min_samples_leaf': 2, 'min_samples_split': 2, 'n_estimators': 300, 'random_state': 101}, std score of 0.003721, score rank of 415,
0.701117 (0.003403) with: {'max_depth': 15, 'min_samples_leaf': 2, 'min_samples_split': 2, 'n_estimators': 350, 'random_state': 101}, std score of 0.003403, score rank of 401,
0.700634 (0.002776) with: {'max_depth': 15, 'min_samples_leaf': 2, 'min_samples_split': 2, 'n_estimators': 400, 'random_state': 101}, std score of 0.002776, score rank of 414,
0.700660 (0.002874) with: {'max_depth': 15, 'min_samples_leaf': 2, 'min_samples_split': 2, 'n_estimators': 450, 'random_state': 101}, std score of 0.002874, score rank of 413,
0.700841 (0.002673) with: {'max_depth': 15, 'min_samples_leaf': 2, 'min_samples_split': 2, 'n_estimators': 500, 'random_state': 101}, std score of 0.002673, score rank of 409,
0.701273 (0.002890) with: {'max_depth': 15, 'min_samples_leaf': 2, 'min_samples_split': 2, 'n_estimators': 600, 'random_state': 101}, std score of 0.002890, score rank of 396,
0.701159 (0.003438) with: {'max_depth': 15, 'min_samples_leaf': 2, 'min_samples_split': 2, 'n_estimators': 700, 'random_state': 101}, std score of 0.003438, score rank of 400,
0.701159 (0.002359) with: {'max_depth': 15, 'min_samples_leaf': 2, 'min_samples_split': 5, 'n_estimators': 200, 'random_state': 101}, std score of 0.002359, score rank of 399,
0.700680 (0.002553) with: {'max_depth': 15, 'min_samples_leaf': 2, 'min_samples_split': 5, 'n_estimators': 300, 'random_state': 101}, std score of 0.002553, score rank of 412,
0.701090 (0.002173) with: {'max_depth': 15, 'min_samples_leaf': 2, 'min_samples_split': 5, 'n_estimators': 350, 'random_state': 101}, std score of 0.002173, score rank of 404,
0.701102 (0.002360) with: {'max_depth': 15, 'min_samples_leaf': 2, 'min_samples_split': 5, 'n_estimators': 400, 'random_state': 101}, std score of 0.002360, score rank of 403,
0.700955 (0.002247) with: {'max_depth': 15, 'min_samples_leaf': 2, 'min_samples_split': 5, 'n_estimators': 450, 'random_state': 101}, std score of 0.002247, score rank of 408,
0.700761 (0.001913) with: {'max_depth': 15, 'min_samples_leaf': 2, 'min_samples_split': 5, 'n_estimators': 500, 'random_state': 101}, std score of 0.001913, score rank of 410,
0.701167 (0.002293) with: {'max_depth': 15, 'min_samples_leaf': 2, 'min_samples_split': 5, 'n_estimators': 600, 'random_state': 101}, std score of 0.002293, score rank of 398,
0.701066 (0.002504) with: {'max_depth': 15, 'min_samples_leaf': 2, 'min_samples_split': 5, 'n_estimators': 700, 'random_state': 101}, std score of 0.002504, score rank of 406,
0.704588 (0.003092) with: {'max_depth': 15, 'min_samples_leaf': 2, 'min_samples_split': 10, 'n_estimators': 200, 'random_state': 101}, std score of 0.003092, score rank of 356,
0.704420 (0.003003) with: {'max_depth': 15, 'min_samples_leaf': 2, 'min_samples_split': 10, 'n_estimators': 300, 'random_state': 101}, std score of 0.003003, score rank of 359,
0.704761 (0.002783) with: {'max_depth': 15, 'min_samples_leaf': 2, 'min_samples_split': 10, 'n_estimators': 350, 'random_state': 101}, std score of 0.002783, score rank of 353,
0.705028 (0.002672) with: {'max_depth': 15, 'min_samples_leaf': 2, 'min_samples_split': 10, 'n_estimators': 400, 'random_state': 101}, std score of 0.002672, score rank of 348,
0.705120 (0.002523) with: {'max_depth': 15, 'min_samples_leaf': 2, 'min_samples_split': 10, 'n_estimators': 450, 'random_state': 101}, std score of 0.002523, score rank of 346,
0.705049 (0.003147) with: {'max_depth': 15, 'min_samples_leaf': 2, 'min_samples_split': 10, 'n_estimators': 500, 'random_state': 101}, std score of 0.003147, score rank of 347,
0.705018 (0.002852) with: {'max_depth': 15, 'min_samples_leaf': 2, 'min_samples_split': 10, 'n_estimators': 600, 'random_state': 101}, std score of 0.002852, score rank of 349,
0.704877 (0.002664) with: {'max_depth': 15, 'min_samples_leaf': 2, 'min_samples_split': 10, 'n_estimators': 700, 'random_state': 101}, std score of 0.002664, score rank of 352,
0.705636 (0.002950) with: {'max_depth': 15, 'min_samples_leaf': 4, 'min_samples_split': 2, 'n_estimators': 200, 'random_state': 101}, std score of 0.002950, score rank of 323,
0.705525 (0.003119) with: {'max_depth': 15, 'min_samples_leaf': 4, 'min_samples_split': 2, 'n_estimators': 300, 'random_state': 101}, std score of 0.003119, score rank of 333,
0.705825 (0.003184) with: {'max_depth': 15, 'min_samples_leaf': 4, 'min_samples_split': 2, 'n_estimators': 350, 'random_state': 101}, std score of 0.003184, score rank of 299,
0.705297 (0.003083) with: {'max_depth': 15, 'min_samples_leaf': 4, 'min_samples_split': 2, 'n_estimators': 400, 'random_state': 101}, std score of 0.003083, score rank of 341,
0.705763 (0.003408) with: {'max_depth': 15, 'min_samples_leaf': 4, 'min_samples_split': 2, 'n_estimators': 450, 'random_state': 101}, std score of 0.003408, score rank of 303,
0.705755 (0.003510) with: {'max_depth': 15, 'min_samples_leaf': 4, 'min_samples_split': 2, 'n_estimators': 500, 'random_state': 101}, std score of 0.003510, score rank of 306,
0.705565 (0.003649) with: {'max_depth': 15, 'min_samples_leaf': 4, 'min_samples_split': 2, 'n_estimators': 600, 'random_state': 101}, std score of 0.003649, score rank of 328,
0.705691 (0.003425) with: {'max_depth': 15, 'min_samples_leaf': 4, 'min_samples_split': 2, 'n_estimators': 700, 'random_state': 101}, std score of 0.003425, score rank of 315,
0.705636 (0.002950) with: {'max_depth': 15, 'min_samples_leaf': 4, 'min_samples_split': 5, 'n_estimators': 200, 'random_state': 101}, std score of 0.002950, score rank of 323,
0.705525 (0.003119) with: {'max_depth': 15, 'min_samples_leaf': 4, 'min_samples_split': 5, 'n_estimators': 300, 'random_state': 101}, std score of 0.003119, score rank of 333,
0.705825 (0.003184) with: {'max_depth': 15, 'min_samples_leaf': 4, 'min_samples_split': 5, 'n_estimators': 350, 'random_state': 101}, std score of 0.003184, score rank of 299,
0.705297 (0.003083) with: {'max_depth': 15, 'min_samples_leaf': 4, 'min_samples_split': 5, 'n_estimators': 400, 'random_state': 101}, std score of 0.003083, score rank of 341,
0.705763 (0.003408) with: {'max_depth': 15, 'min_samples_leaf': 4, 'min_samples_split': 5, 'n_estimators': 450, 'random_state': 101}, std score of 0.003408, score rank of 303,
0.705755 (0.003510) with: {'max_depth': 15, 'min_samples_leaf': 4, 'min_samples_split': 5, 'n_estimators': 500, 'random_state': 101}, std score of 0.003510, score rank of 306,
0.705565 (0.003649) with: {'max_depth': 15, 'min_samples_leaf': 4, 'min_samples_split': 5, 'n_estimators': 600, 'random_state': 101}, std score of 0.003649, score rank of 328,
0.705691 (0.003425) with: {'max_depth': 15, 'min_samples_leaf': 4, 'min_samples_split': 5, 'n_estimators': 700, 'random_state': 101}, std score of 0.003425, score rank of 315,
0.706225 (0.003209) with: {'max_depth': 15, 'min_samples_leaf': 4, 'min_samples_split': 10, 'n_estimators': 200, 'random_state': 101}, std score of 0.003209, score rank of 258,
0.706156 (0.003468) with: {'max_depth': 15, 'min_samples_leaf': 4, 'min_samples_split': 10, 'n_estimators': 300, 'random_state': 101}, std score of 0.003468, score rank of 265,
0.706006 (0.003276) with: {'max_depth': 15, 'min_samples_leaf': 4, 'min_samples_split': 10, 'n_estimators': 350, 'random_state': 101}, std score of 0.003276, score rank of 285,
0.706137 (0.002964) with: {'max_depth': 15, 'min_samples_leaf': 4, 'min_samples_split': 10, 'n_estimators': 400, 'random_state': 101}, std score of 0.002964, score rank of 267,
0.706468 (0.003093) with: {'max_depth': 15, 'min_samples_leaf': 4, 'min_samples_split': 10, 'n_estimators': 450, 'random_state': 101}, std score of 0.003093, score rank of 225,
0.706301 (0.003074) with: {'max_depth': 15, 'min_samples_leaf': 4, 'min_samples_split': 10, 'n_estimators': 500, 'random_state': 101}, std score of 0.003074, score rank of 243,
0.706020 (0.003611) with: {'max_depth': 15, 'min_samples_leaf': 4, 'min_samples_split': 10, 'n_estimators': 600, 'random_state': 101}, std score of 0.003611, score rank of 284,
0.706391 (0.003003) with: {'max_depth': 15, 'min_samples_leaf': 4, 'min_samples_split': 10, 'n_estimators': 700, 'random_state': 101}, std score of 0.003003, score rank of 234,
