{'mean_fit_time': array([ 8.95162265,  6.16844809, 16.11143879, 18.97730072,  9.45792397,
       38.77627556,  6.35439408, 25.56888588,  9.421627  , 19.2708118 ,
        1.92815443, 12.54960382, 19.5151519 , 10.14901332,  0.65837034,
       38.23680846,  0.65611005, 16.05740392, 11.87912567,  3.12451033,
        0.65836378, 29.96313643,  8.97765048,  1.92401187,  6.37234743,
       25.55190595,  1.93672776, 25.54741649, 38.7591482 ,  0.64219213,
        9.90945693, 19.97668314, 17.56077902, 10.78618375, 46.09811862,
       48.68470021, 10.14235111,  9.51598048, 16.79459925,  3.32805546,
       16.88683808, 38.55435812, 17.62963231,  2.76376172, 19.60790582,
       26.95061457,  0.95830858, 22.57814868, 12.54710356,  3.81445169,
       35.31655029,  9.80960715,  0.74270531, 11.96889706, 28.40914651,
        6.75593154,  9.48474061, 38.12463677, 19.17492068,  3.15474931,
       18.8528161 ,  3.170856  ,  9.4861298 , 25.65797297, 16.72121294,
       39.72748462,  3.17217902,  3.16859448,  6.29347213,  1.90012503,
        6.26768398, 15.79079115,  6.33925811,  6.24267379,  1.92350988,
       31.90465315,  9.47647266,  6.34078519, 19.05627815, 38.53242477,
        3.15669636,  6.27338604,  1.89899071, 37.90689313,  1.90615118,
        0.63520575,  9.42625229,  6.34881465,  0.65574845,  9.59578367,
       32.09498465, 25.32798497, 15.97464363, 12.68887126,  0.65196017,
       15.78538545,  9.4760555 ,  9.45222119, 15.73794516,  3.09466533]), 'std_fit_time': array([0.10976231, 0.15818213, 0.08963451, 0.17687691, 0.12772762,
       0.31208576, 0.09987044, 0.16256663, 0.11532249, 0.28883594,
       0.04941297, 0.20729114, 0.43672493, 0.15495562, 0.02825624,
       0.38013251, 0.02161826, 0.20473904, 0.15524168, 0.07787519,
       0.06680228, 0.20697309, 0.17083428, 0.05662958, 0.11215529,
       0.11817246, 0.07761377, 0.1541389 , 0.28801346, 0.01443558,
       0.15122951, 0.12417762, 0.25665806, 0.30068712, 4.01076462,
       0.28336164, 0.5299615 , 0.09741937, 0.09636925, 0.04276917,
       0.82528582, 0.32250779, 1.47202818, 0.31785699, 0.77102331,
       1.8671581 , 0.16606409, 0.40910646, 0.3630469 , 0.19685652,
       2.02329431, 0.49419384, 0.01189863, 0.10778032, 2.88182322,
       0.4062523 , 0.12988613, 0.31394915, 0.106629  , 0.0357638 ,
       0.11638019, 0.05209903, 0.09560558, 0.64789351, 0.06761485,
       0.14312552, 0.08491351, 0.02639974, 0.09525514, 0.029449  ,
       0.04514915, 0.18109055, 0.04000284, 0.11046866, 0.06280202,
       0.21730359, 0.15313107, 0.06383064, 0.18476952, 0.2679411 ,
       0.04719879, 0.1094448 , 0.05332511, 0.16756462, 0.01772665,
       0.02278436, 0.07516571, 0.07052995, 0.02656352, 0.14548985,
       0.16273353, 0.15725302, 0.22299606, 0.05471118, 0.02158492,
       0.19247761, 0.13070636, 0.02723336, 0.11821178, 0.12084233]), 'mean_score_time': array([0.03019472, 0.0232923 , 0.04743067, 0.05770659, 0.03176939,
       0.08662796, 0.02249662, 0.06264579, 0.0326374 , 0.04714465,
       0.01003559, 0.04868495, 0.05142987, 0.0285693 , 0.00667628,
       0.11043207, 0.00664206, 0.04115331, 0.03929349, 0.01275591,
       0.00738792, 0.08743362, 0.03299614, 0.01067702, 0.02262457,
       0.06059404, 0.01228253, 0.07601655, 0.10783505, 0.00659355,
       0.03196053, 0.05085301, 0.06091432, 0.04274333, 0.11492467,
       0.1309402 , 0.02745887, 0.02950148, 0.04399033, 0.01376379,
       0.06751176, 0.07531313, 0.04525948, 0.01364847, 0.04737659,
       0.08523015, 0.01105555, 0.05897542, 0.03597991, 0.01509583,
       0.10000916, 0.03349117, 0.0095528 , 0.05334433, 0.07047244,
       0.02235285, 0.0309792 , 0.10431166, 0.04991583, 0.01421038,
       0.06042755, 0.01460814, 0.02961544, 0.07560837, 0.04522904,
       0.11351415, 0.01345809, 0.0142115 , 0.02324172, 0.01072995,
       0.02233835, 0.04837549, 0.02151243, 0.02227918, 0.01060375,
       0.07808884, 0.03080146, 0.02802157, 0.05907448, 0.08253876,
       0.01465579, 0.0225573 , 0.01181678, 0.11077571, 0.01119745,
       0.00690846, 0.03057281, 0.023549  , 0.00790179, 0.0298547 ,
       0.069079  , 0.07595857, 0.04853495, 0.04052977, 0.00701841,
       0.04586836, 0.0301766 , 0.03153213, 0.05059588, 0.01378449]), 'std_score_time': array([0.00276947, 0.0014812 , 0.01118056, 0.00285041, 0.0014892 ,
       0.00588779, 0.0017048 , 0.00480638, 0.00593383, 0.00176817,
       0.00103595, 0.00969216, 0.0081154 , 0.00218512, 0.00091062,
       0.00608505, 0.00116196, 0.00110034, 0.00099756, 0.00078142,
       0.00149233, 0.00558041, 0.00602408, 0.00103718, 0.00077394,
       0.0051067 , 0.00272411, 0.00863234, 0.0033847 , 0.0008661 ,
       0.00220752, 0.00122103, 0.01093479, 0.02104387, 0.02315162,
       0.02482468, 0.00150723, 0.00133125, 0.00203825, 0.00113502,
       0.03403776, 0.01103862, 0.00441483, 0.00237057, 0.00467442,
       0.02301454, 0.00518163, 0.00388996, 0.00396436, 0.00180277,
       0.01326449, 0.00864763, 0.00131906, 0.02005209, 0.02000022,
       0.00144434, 0.00693486, 0.00709099, 0.00163731, 0.00119649,
       0.00252221, 0.00102224, 0.00210705, 0.00327943, 0.00234233,
       0.00909095, 0.00085786, 0.00102808, 0.0019755 , 0.00103695,
       0.00135576, 0.00195995, 0.00148888, 0.00107972, 0.00087835,
       0.00757624, 0.0016699 , 0.012899  , 0.00355854, 0.00585243,
       0.00225245, 0.00080701, 0.00200406, 0.00778588, 0.00058748,
       0.0008588 , 0.00092415, 0.00222107, 0.00117491, 0.00105039,
       0.00398703, 0.00408845, 0.00376378, 0.00279978, 0.00044845,
       0.00222301, 0.00241014, 0.00121984, 0.00455841, 0.00179819]), 'param_n_estimators': masked_array(data=[150, 100, 250, 300, 150, 600, 100, 400, 150, 300, 30,
                   200, 300, 150, 10, 600, 10, 250, 200, 50, 10, 500, 150,
                   30, 100, 400, 30, 400, 600, 10, 150, 300, 250, 150,
                   600, 600, 150, 150, 250, 50, 250, 400, 200, 30, 200,
                   300, 10, 250, 150, 50, 400, 100, 10, 150, 400, 100,
                   150, 600, 300, 50, 300, 50, 150, 400, 250, 600, 50, 50,
                   100, 30, 100, 250, 100, 100, 30, 500, 150, 100, 300,
                   600, 50, 100, 30, 600, 30, 10, 150, 100, 10, 150, 500,
                   400, 250, 200, 10, 250, 150, 150, 250, 50],
             mask=[False, False, False, False, False, False, False, False,
                   False, False, False, False, False, False, False, False,
                   False, False, False, False, False, False, False, False,
                   False, False, False, False, False, False, False, False,
                   False, False, False, False, False, False, False, False,
                   False, False, False, False, False, False, False, False,
                   False, False, False, False, False, False, False, False,
                   False, False, False, False, False, False, False, False,
                   False, False, False, False, False, False, False, False,
                   False, False, False, False, False, False, False, False,
                   False, False, False, False, False, False, False, False,
                   False, False, False, False, False, False, False, False,
                   False, False, False, False],
       fill_value='?',
            dtype=object), 'param_min_samples_split': masked_array(data=[10, 2, 2, 10, 5, 10, 10, 2, 10, 2, 10, 5, 10, 5, 2, 5,
                   2, 2, 10, 10, 10, 5, 10, 10, 10, 5, 2, 5, 2, 10, 2, 5,
                   10, 10, 2, 2, 5, 2, 2, 2, 5, 2, 5, 5, 5, 2, 5, 5, 10,
                   2, 10, 2, 2, 5, 2, 10, 5, 10, 5, 5, 5, 5, 5, 10, 5, 2,
                   10, 10, 10, 2, 5, 2, 10, 10, 10, 2, 2, 10, 5, 10, 2, 5,
                   10, 2, 5, 10, 2, 2, 2, 2, 10, 5, 2, 5, 10, 2, 10, 5, 2,
                   2],
             mask=[False, False, False, False, False, False, False, False,
                   False, False, False, False, False, False, False, False,
                   False, False, False, False, False, False, False, False,
                   False, False, False, False, False, False, False, False,
                   False, False, False, False, False, False, False, False,
                   False, False, False, False, False, False, False, False,
                   False, False, False, False, False, False, False, False,
                   False, False, False, False, False, False, False, False,
                   False, False, False, False, False, False, False, False,
                   False, False, False, False, False, False, False, False,
                   False, False, False, False, False, False, False, False,
                   False, False, False, False, False, False, False, False,
                   False, False, False, False],
       fill_value='?',
            dtype=object), 'param_min_samples_leaf': masked_array(data=[2, 4, 2, 4, 2, 4, 2, 1, 1, 1, 4, 2, 2, 4, 2, 2, 2, 2,
                   1, 1, 2, 1, 2, 1, 2, 1, 4, 4, 4, 4, 4, 1, 4, 4, 1, 1,
                   2, 1, 4, 4, 1, 1, 4, 2, 1, 2, 1, 1, 1, 1, 2, 1, 2, 1,
                   4, 2, 2, 2, 1, 4, 1, 4, 1, 2, 4, 4, 4, 4, 2, 1, 1, 1,
                   1, 4, 4, 4, 4, 2, 1, 1, 4, 4, 2, 2, 4, 2, 2, 4, 1, 1,
                   1, 4, 2, 4, 4, 1, 4, 1, 2, 1],
             mask=[False, False, False, False, False, False, False, False,
                   False, False, False, False, False, False, False, False,
                   False, False, False, False, False, False, False, False,
                   False, False, False, False, False, False, False, False,
                   False, False, False, False, False, False, False, False,
                   False, False, False, False, False, False, False, False,
                   False, False, False, False, False, False, False, False,
                   False, False, False, False, False, False, False, False,
                   False, False, False, False, False, False, False, False,
                   False, False, False, False, False, False, False, False,
                   False, False, False, False, False, False, False, False,
                   False, False, False, False, False, False, False, False,
                   False, False, False, False],
       fill_value='?',
            dtype=object), 'param_loss': masked_array(data=['deviance', 'deviance', 'deviance', 'exponential',
                   'exponential', 'deviance', 'exponential',
                   'exponential', 'exponential', 'exponential',
                   'deviance', 'exponential', 'exponential', 'deviance',
                   'deviance', 'deviance', 'exponential', 'exponential',
                   'exponential', 'deviance', 'deviance', 'exponential',
                   'exponential', 'exponential', 'exponential',
                   'exponential', 'deviance', 'deviance', 'exponential',
                   'exponential', 'deviance', 'exponential',
                   'exponential', 'deviance', 'exponential', 'deviance',
                   'deviance', 'deviance', 'deviance', 'exponential',
                   'deviance', 'deviance', 'exponential', 'exponential',
                   'deviance', 'exponential', 'exponential',
                   'exponential', 'deviance', 'exponential',
                   'exponential', 'deviance', 'deviance', 'deviance',
                   'exponential', 'deviance', 'exponential', 'deviance',
                   'deviance', 'exponential', 'exponential',
                   'exponential', 'exponential', 'exponential',
                   'deviance', 'deviance', 'deviance', 'deviance',
                   'deviance', 'exponential', 'exponential', 'deviance',
                   'exponential', 'deviance', 'exponential',
                   'exponential', 'deviance', 'exponential', 'deviance',
                   'deviance', 'deviance', 'deviance', 'exponential',
                   'deviance', 'exponential', 'exponential',
                   'exponential', 'exponential', 'deviance', 'deviance',
                   'exponential', 'deviance', 'deviance', 'exponential',
                   'deviance', 'exponential', 'deviance', 'deviance',
                   'deviance', 'deviance'],
             mask=[False, False, False, False, False, False, False, False,
                   False, False, False, False, False, False, False, False,
                   False, False, False, False, False, False, False, False,
                   False, False, False, False, False, False, False, False,
                   False, False, False, False, False, False, False, False,
                   False, False, False, False, False, False, False, False,
                   False, False, False, False, False, False, False, False,
                   False, False, False, False, False, False, False, False,
                   False, False, False, False, False, False, False, False,
                   False, False, False, False, False, False, False, False,
                   False, False, False, False, False, False, False, False,
                   False, False, False, False, False, False, False, False,
                   False, False, False, False],
       fill_value='?',
            dtype=object), 'param_learning_rate': masked_array(data=[0.001, 0.01, 0.1, 0.01, 0.01, 0.1, 0.001, 0.1, 0.001,
                   0.1, 0.01, 0.01, 0.1, 0.1, 0.001, 0.001, 0.01, 0.1,
                   0.001, 0.1, 0.1, 0.01, 0.001, 0.01, 0.1, 0.1, 0.01,
                   0.001, 0.01, 0.1, 0.01, 0.1, 0.01, 0.001, 0.1, 0.001,
                   0.1, 0.01, 0.1, 0.001, 0.001, 0.1, 0.1, 0.01, 0.1,
                   0.001, 0.01, 0.01, 0.01, 0.001, 0.01, 0.01, 0.1, 0.01,
                   0.1, 0.1, 0.1, 0.01, 0.1, 0.001, 0.01, 0.1, 0.1, 0.001,
                   0.1, 0.01, 0.001, 0.01, 0.01, 0.1, 0.001, 0.01, 0.1,
                   0.001, 0.1, 0.1, 0.001, 0.01, 0.01, 0.1, 0.001, 0.01,
                   0.001, 0.01, 0.01, 0.001, 0.01, 0.1, 0.1, 0.1, 0.1,
                   0.01, 0.01, 0.01, 0.001, 0.001, 0.01, 0.001, 0.001,
                   0.1],
             mask=[False, False, False, False, False, False, False, False,
                   False, False, False, False, False, False, False, False,
                   False, False, False, False, False, False, False, False,
                   False, False, False, False, False, False, False, False,
                   False, False, False, False, False, False, False, False,
                   False, False, False, False, False, False, False, False,
                   False, False, False, False, False, False, False, False,
                   False, False, False, False, False, False, False, False,
                   False, False, False, False, False, False, False, False,
                   False, False, False, False, False, False, False, False,
                   False, False, False, False, False, False, False, False,
                   False, False, False, False, False, False, False, False,
                   False, False, False, False],
       fill_value='?',
            dtype=object), 'params': [{'n_estimators': 150, 'min_samples_split': 10, 'min_samples_leaf': 2, 'loss': 'deviance', 'learning_rate': 0.001}, {'n_estimators': 100, 'min_samples_split': 2, 'min_samples_leaf': 4, 'loss': 'deviance', 'learning_rate': 0.01}, {'n_estimators': 250, 'min_samples_split': 2, 'min_samples_leaf': 2, 'loss': 'deviance', 'learning_rate': 0.1}, {'n_estimators': 300, 'min_samples_split': 10, 'min_samples_leaf': 4, 'loss': 'exponential', 'learning_rate': 0.01}, {'n_estimators': 150, 'min_samples_split': 5, 'min_samples_leaf': 2, 'loss': 'exponential', 'learning_rate': 0.01}, {'n_estimators': 600, 'min_samples_split': 10, 'min_samples_leaf': 4, 'loss': 'deviance', 'learning_rate': 0.1}, {'n_estimators': 100, 'min_samples_split': 10, 'min_samples_leaf': 2, 'loss': 'exponential', 'learning_rate': 0.001}, {'n_estimators': 400, 'min_samples_split': 2, 'min_samples_leaf': 1, 'loss': 'exponential', 'learning_rate': 0.1}, {'n_estimators': 150, 'min_samples_split': 10, 'min_samples_leaf': 1, 'loss': 'exponential', 'learning_rate': 0.001}, {'n_estimators': 300, 'min_samples_split': 2, 'min_samples_leaf': 1, 'loss': 'exponential', 'learning_rate': 0.1}, {'n_estimators': 30, 'min_samples_split': 10, 'min_samples_leaf': 4, 'loss': 'deviance', 'learning_rate': 0.01}, {'n_estimators': 200, 'min_samples_split': 5, 'min_samples_leaf': 2, 'loss': 'exponential', 'learning_rate': 0.01}, {'n_estimators': 300, 'min_samples_split': 10, 'min_samples_leaf': 2, 'loss': 'exponential', 'learning_rate': 0.1}, {'n_estimators': 150, 'min_samples_split': 5, 'min_samples_leaf': 4, 'loss': 'deviance', 'learning_rate': 0.1}, {'n_estimators': 10, 'min_samples_split': 2, 'min_samples_leaf': 2, 'loss': 'deviance', 'learning_rate': 0.001}, {'n_estimators': 600, 'min_samples_split': 5, 'min_samples_leaf': 2, 'loss': 'deviance', 'learning_rate': 0.001}, {'n_estimators': 10, 'min_samples_split': 2, 'min_samples_leaf': 2, 'loss': 'exponential', 'learning_rate': 0.01}, {'n_estimators': 250, 'min_samples_split': 2, 'min_samples_leaf': 2, 'loss': 'exponential', 'learning_rate': 0.1}, {'n_estimators': 200, 'min_samples_split': 10, 'min_samples_leaf': 1, 'loss': 'exponential', 'learning_rate': 0.001}, {'n_estimators': 50, 'min_samples_split': 10, 'min_samples_leaf': 1, 'loss': 'deviance', 'learning_rate': 0.1}, {'n_estimators': 10, 'min_samples_split': 10, 'min_samples_leaf': 2, 'loss': 'deviance', 'learning_rate': 0.1}, {'n_estimators': 500, 'min_samples_split': 5, 'min_samples_leaf': 1, 'loss': 'exponential', 'learning_rate': 0.01}, {'n_estimators': 150, 'min_samples_split': 10, 'min_samples_leaf': 2, 'loss': 'exponential', 'learning_rate': 0.001}, {'n_estimators': 30, 'min_samples_split': 10, 'min_samples_leaf': 1, 'loss': 'exponential', 'learning_rate': 0.01}, {'n_estimators': 100, 'min_samples_split': 10, 'min_samples_leaf': 2, 'loss': 'exponential', 'learning_rate': 0.1}, {'n_estimators': 400, 'min_samples_split': 5, 'min_samples_leaf': 1, 'loss': 'exponential', 'learning_rate': 0.1}, {'n_estimators': 30, 'min_samples_split': 2, 'min_samples_leaf': 4, 'loss': 'deviance', 'learning_rate': 0.01}, {'n_estimators': 400, 'min_samples_split': 5, 'min_samples_leaf': 4, 'loss': 'deviance', 'learning_rate': 0.001}, {'n_estimators': 600, 'min_samples_split': 2, 'min_samples_leaf': 4, 'loss': 'exponential', 'learning_rate': 0.01}, {'n_estimators': 10, 'min_samples_split': 10, 'min_samples_leaf': 4, 'loss': 'exponential', 'learning_rate': 0.1}, {'n_estimators': 150, 'min_samples_split': 2, 'min_samples_leaf': 4, 'loss': 'deviance', 'learning_rate': 0.01}, {'n_estimators': 300, 'min_samples_split': 5, 'min_samples_leaf': 1, 'loss': 'exponential', 'learning_rate': 0.1}, {'n_estimators': 250, 'min_samples_split': 10, 'min_samples_leaf': 4, 'loss': 'exponential', 'learning_rate': 0.01}, {'n_estimators': 150, 'min_samples_split': 10, 'min_samples_leaf': 4, 'loss': 'deviance', 'learning_rate': 0.001}, {'n_estimators': 600, 'min_samples_split': 2, 'min_samples_leaf': 1, 'loss': 'exponential', 'learning_rate': 0.1}, {'n_estimators': 600, 'min_samples_split': 2, 'min_samples_leaf': 1, 'loss': 'deviance', 'learning_rate': 0.001}, {'n_estimators': 150, 'min_samples_split': 5, 'min_samples_leaf': 2, 'loss': 'deviance', 'learning_rate': 0.1}, {'n_estimators': 150, 'min_samples_split': 2, 'min_samples_leaf': 1, 'loss': 'deviance', 'learning_rate': 0.01}, {'n_estimators': 250, 'min_samples_split': 2, 'min_samples_leaf': 4, 'loss': 'deviance', 'learning_rate': 0.1}, {'n_estimators': 50, 'min_samples_split': 2, 'min_samples_leaf': 4, 'loss': 'exponential', 'learning_rate': 0.001}, {'n_estimators': 250, 'min_samples_split': 5, 'min_samples_leaf': 1, 'loss': 'deviance', 'learning_rate': 0.001}, {'n_estimators': 400, 'min_samples_split': 2, 'min_samples_leaf': 1, 'loss': 'deviance', 'learning_rate': 0.1}, {'n_estimators': 200, 'min_samples_split': 5, 'min_samples_leaf': 4, 'loss': 'exponential', 'learning_rate': 0.1}, {'n_estimators': 30, 'min_samples_split': 5, 'min_samples_leaf': 2, 'loss': 'exponential', 'learning_rate': 0.01}, {'n_estimators': 200, 'min_samples_split': 5, 'min_samples_leaf': 1, 'loss': 'deviance', 'learning_rate': 0.1}, {'n_estimators': 300, 'min_samples_split': 2, 'min_samples_leaf': 2, 'loss': 'exponential', 'learning_rate': 0.001}, {'n_estimators': 10, 'min_samples_split': 5, 'min_samples_leaf': 1, 'loss': 'exponential', 'learning_rate': 0.01}, {'n_estimators': 250, 'min_samples_split': 5, 'min_samples_leaf': 1, 'loss': 'exponential', 'learning_rate': 0.01}, {'n_estimators': 150, 'min_samples_split': 10, 'min_samples_leaf': 1, 'loss': 'deviance', 'learning_rate': 0.01}, {'n_estimators': 50, 'min_samples_split': 2, 'min_samples_leaf': 1, 'loss': 'exponential', 'learning_rate': 0.001}, {'n_estimators': 400, 'min_samples_split': 10, 'min_samples_leaf': 2, 'loss': 'exponential', 'learning_rate': 0.01}, {'n_estimators': 100, 'min_samples_split': 2, 'min_samples_leaf': 1, 'loss': 'deviance', 'learning_rate': 0.01}, {'n_estimators': 10, 'min_samples_split': 2, 'min_samples_leaf': 2, 'loss': 'deviance', 'learning_rate': 0.1}, {'n_estimators': 150, 'min_samples_split': 5, 'min_samples_leaf': 1, 'loss': 'deviance', 'learning_rate': 0.01}, {'n_estimators': 400, 'min_samples_split': 2, 'min_samples_leaf': 4, 'loss': 'exponential', 'learning_rate': 0.1}, {'n_estimators': 100, 'min_samples_split': 10, 'min_samples_leaf': 2, 'loss': 'deviance', 'learning_rate': 0.1}, {'n_estimators': 150, 'min_samples_split': 5, 'min_samples_leaf': 2, 'loss': 'exponential', 'learning_rate': 0.1}, {'n_estimators': 600, 'min_samples_split': 10, 'min_samples_leaf': 2, 'loss': 'deviance', 'learning_rate': 0.01}, {'n_estimators': 300, 'min_samples_split': 5, 'min_samples_leaf': 1, 'loss': 'deviance', 'learning_rate': 0.1}, {'n_estimators': 50, 'min_samples_split': 5, 'min_samples_leaf': 4, 'loss': 'exponential', 'learning_rate': 0.001}, {'n_estimators': 300, 'min_samples_split': 5, 'min_samples_leaf': 1, 'loss': 'exponential', 'learning_rate': 0.01}, {'n_estimators': 50, 'min_samples_split': 5, 'min_samples_leaf': 4, 'loss': 'exponential', 'learning_rate': 0.1}, {'n_estimators': 150, 'min_samples_split': 5, 'min_samples_leaf': 1, 'loss': 'exponential', 'learning_rate': 0.1}, {'n_estimators': 400, 'min_samples_split': 10, 'min_samples_leaf': 2, 'loss': 'exponential', 'learning_rate': 0.001}, {'n_estimators': 250, 'min_samples_split': 5, 'min_samples_leaf': 4, 'loss': 'deviance', 'learning_rate': 0.1}, {'n_estimators': 600, 'min_samples_split': 2, 'min_samples_leaf': 4, 'loss': 'deviance', 'learning_rate': 0.01}, {'n_estimators': 50, 'min_samples_split': 10, 'min_samples_leaf': 4, 'loss': 'deviance', 'learning_rate': 0.001}, {'n_estimators': 50, 'min_samples_split': 10, 'min_samples_leaf': 4, 'loss': 'deviance', 'learning_rate': 0.01}, {'n_estimators': 100, 'min_samples_split': 10, 'min_samples_leaf': 2, 'loss': 'deviance', 'learning_rate': 0.01}, {'n_estimators': 30, 'min_samples_split': 2, 'min_samples_leaf': 1, 'loss': 'exponential', 'learning_rate': 0.1}, {'n_estimators': 100, 'min_samples_split': 5, 'min_samples_leaf': 1, 'loss': 'exponential', 'learning_rate': 0.001}, {'n_estimators': 250, 'min_samples_split': 2, 'min_samples_leaf': 1, 'loss': 'deviance', 'learning_rate': 0.01}, {'n_estimators': 100, 'min_samples_split': 10, 'min_samples_leaf': 1, 'loss': 'exponential', 'learning_rate': 0.1}, {'n_estimators': 100, 'min_samples_split': 10, 'min_samples_leaf': 4, 'loss': 'deviance', 'learning_rate': 0.001}, {'n_estimators': 30, 'min_samples_split': 10, 'min_samples_leaf': 4, 'loss': 'exponential', 'learning_rate': 0.1}, {'n_estimators': 500, 'min_samples_split': 2, 'min_samples_leaf': 4, 'loss': 'exponential', 'learning_rate': 0.1}, {'n_estimators': 150, 'min_samples_split': 2, 'min_samples_leaf': 4, 'loss': 'deviance', 'learning_rate': 0.001}, {'n_estimators': 100, 'min_samples_split': 10, 'min_samples_leaf': 2, 'loss': 'exponential', 'learning_rate': 0.01}, {'n_estimators': 300, 'min_samples_split': 5, 'min_samples_leaf': 1, 'loss': 'deviance', 'learning_rate': 0.01}, {'n_estimators': 600, 'min_samples_split': 10, 'min_samples_leaf': 1, 'loss': 'deviance', 'learning_rate': 0.1}, {'n_estimators': 50, 'min_samples_split': 2, 'min_samples_leaf': 4, 'loss': 'deviance', 'learning_rate': 0.001}, {'n_estimators': 100, 'min_samples_split': 5, 'min_samples_leaf': 4, 'loss': 'deviance', 'learning_rate': 0.01}, {'n_estimators': 30, 'min_samples_split': 10, 'min_samples_leaf': 2, 'loss': 'exponential', 'learning_rate': 0.001}, {'n_estimators': 600, 'min_samples_split': 2, 'min_samples_leaf': 2, 'loss': 'deviance', 'learning_rate': 0.01}, {'n_estimators': 30, 'min_samples_split': 5, 'min_samples_leaf': 4, 'loss': 'exponential', 'learning_rate': 0.01}, {'n_estimators': 10, 'min_samples_split': 10, 'min_samples_leaf': 2, 'loss': 'exponential', 'learning_rate': 0.001}, {'n_estimators': 150, 'min_samples_split': 2, 'min_samples_leaf': 2, 'loss': 'exponential', 'learning_rate': 0.01}, {'n_estimators': 100, 'min_samples_split': 2, 'min_samples_leaf': 4, 'loss': 'exponential', 'learning_rate': 0.1}, {'n_estimators': 10, 'min_samples_split': 2, 'min_samples_leaf': 1, 'loss': 'deviance', 'learning_rate': 0.1}, {'n_estimators': 150, 'min_samples_split': 2, 'min_samples_leaf': 1, 'loss': 'deviance', 'learning_rate': 0.1}, {'n_estimators': 500, 'min_samples_split': 10, 'min_samples_leaf': 1, 'loss': 'exponential', 'learning_rate': 0.1}, {'n_estimators': 400, 'min_samples_split': 5, 'min_samples_leaf': 4, 'loss': 'deviance', 'learning_rate': 0.01}, {'n_estimators': 250, 'min_samples_split': 2, 'min_samples_leaf': 2, 'loss': 'deviance', 'learning_rate': 0.01}, {'n_estimators': 200, 'min_samples_split': 5, 'min_samples_leaf': 4, 'loss': 'exponential', 'learning_rate': 0.01}, {'n_estimators': 10, 'min_samples_split': 10, 'min_samples_leaf': 4, 'loss': 'deviance', 'learning_rate': 0.001}, {'n_estimators': 250, 'min_samples_split': 2, 'min_samples_leaf': 1, 'loss': 'exponential', 'learning_rate': 0.001}, {'n_estimators': 150, 'min_samples_split': 10, 'min_samples_leaf': 4, 'loss': 'deviance', 'learning_rate': 0.01}, {'n_estimators': 150, 'min_samples_split': 5, 'min_samples_leaf': 1, 'loss': 'deviance', 'learning_rate': 0.001}, {'n_estimators': 250, 'min_samples_split': 2, 'min_samples_leaf': 2, 'loss': 'deviance', 'learning_rate': 0.001}, {'n_estimators': 50, 'min_samples_split': 2, 'min_samples_leaf': 1, 'loss': 'deviance', 'learning_rate': 0.1}], 'split0_test_score': array([0.65862633, 0.67789627, 0.70434922, 0.6933367 , 0.68076365,
       0.70748154, 0.        , 0.70545746, 0.65862633, 0.70448478,
       0.66890734, 0.68936709, 0.70463012, 0.70115797, 0.        ,
       0.6802906 , 0.        , 0.70381622, 0.66890734, 0.69560292,
       0.67789627, 0.69749459, 0.65862633, 0.66890734, 0.70146171,
       0.70545746, 0.66890734, 0.68010886, 0.69813761, 0.67789627,
       0.68076365, 0.70448478, 0.69068692, 0.65862633, 0.70554781,
       0.6802906 , 0.70168426, 0.68076365, 0.70440218, 0.        ,
       0.66890734, 0.70678384, 0.70422909, 0.66890734, 0.7029001 ,
       0.66890734, 0.        , 0.69068692, 0.68076365, 0.        ,
       0.69519812, 0.67789627, 0.67789627, 0.68076365, 0.70551325,
       0.70206757, 0.70196913, 0.69827317, 0.70463527, 0.        ,
       0.69471178, 0.69713782, 0.70208577, 0.68010886, 0.70440218,
       0.696556  , 0.        , 0.68010886, 0.67789627, 0.69190405,
       0.        , 0.68906266, 0.70146171, 0.        , 0.69190405,
       0.70595786, 0.65862633, 0.67789627, 0.69336431, 0.70545746,
       0.        , 0.67789627, 0.        , 0.69827317, 0.66890734,
       0.        , 0.68076365, 0.70263521, 0.67789627, 0.70168426,
       0.70464967, 0.69542164, 0.68906266, 0.68936709, 0.        ,
       0.66890734, 0.68076365, 0.65862633, 0.66890734, 0.69560292]), 'split1_test_score': array([0.65965583, 0.68472188, 0.71443833, 0.70043264, 0.68434745,
       0.71655965, 0.        , 0.71463035, 0.65965583, 0.71459147,
       0.67108506, 0.6996741 , 0.71428571, 0.71455354, 0.        ,
       0.68900472, 0.        , 0.71420937, 0.67108506, 0.70673301,
       0.68472188, 0.70743344, 0.65965583, 0.67108506, 0.70944348,
       0.71581712, 0.67108506, 0.69008244, 0.70754472, 0.68472188,
       0.68434745, 0.71481976, 0.70015334, 0.65965583, 0.71478589,
       0.68900472, 0.71207182, 0.68434745, 0.71662111, 0.        ,
       0.67108506, 0.71520653, 0.71455234, 0.67108506, 0.71352132,
       0.67108506, 0.        , 0.70015334, 0.68434745, 0.        ,
       0.70554794, 0.68472188, 0.68472188, 0.68434745, 0.71497767,
       0.71063694, 0.71185268, 0.70752509, 0.71558797, 0.        ,
       0.70043264, 0.70521681, 0.71159858, 0.69008244, 0.71662111,
       0.70818357, 0.        , 0.68900472, 0.68472188, 0.7011061 ,
       0.        , 0.69939376, 0.70926635, 0.        , 0.7011061 ,
       0.71621403, 0.65965583, 0.68472188, 0.7014218 , 0.71428571,
       0.        , 0.68472188, 0.        , 0.70752509, 0.67108506,
       0.        , 0.68434745, 0.7088827 , 0.68472188, 0.71329158,
       0.71505405, 0.70569122, 0.69939376, 0.6996741 , 0.        ,
       0.67108506, 0.68434745, 0.65965583, 0.67108506, 0.70673301]), 'split2_test_score': array([0.65030928, 0.68029183, 0.70920831, 0.69853877, 0.68143429,
       0.71139877, 0.        , 0.71153324, 0.65030928, 0.71149569,
       0.66129563, 0.69575531, 0.71168775, 0.70617975, 0.        ,
       0.6798776 , 0.        , 0.71017639, 0.66129563, 0.70180457,
       0.67984688, 0.70077632, 0.65030928, 0.66129563, 0.70630977,
       0.71153324, 0.66129563, 0.68024984, 0.7020539 , 0.67984688,
       0.68059528, 0.71149569, 0.6971093 , 0.65030928, 0.7115667 ,
       0.6798776 , 0.7069049 , 0.68059528, 0.70790713, 0.        ,
       0.66129563, 0.71210718, 0.70702428, 0.66129563, 0.70891689,
       0.66129563, 0.        , 0.6971093 , 0.68059528, 0.        ,
       0.70105752, 0.68029183, 0.67984688, 0.68059528, 0.71063922,
       0.7054528 , 0.7070462 , 0.70238407, 0.71121978, 0.        ,
       0.69853877, 0.70243623, 0.7070462 , 0.68024984, 0.70790713,
       0.70238407, 0.        , 0.68024984, 0.68029183, 0.69902117,
       0.        , 0.69627332, 0.70630977, 0.        , 0.69902117,
       0.71121978, 0.65030928, 0.68029183, 0.69819476, 0.71117759,
       0.        , 0.68029183, 0.        , 0.70238407, 0.66129563,
       0.        , 0.68143429, 0.70453697, 0.67984688, 0.7069049 ,
       0.71214841, 0.70017027, 0.69627332, 0.69575531, 0.        ,
       0.66129563, 0.68059528, 0.65030928, 0.66129563, 0.70180457]), 'split3_test_score': array([0.66609068, 0.68322226, 0.71084205, 0.70152351, 0.69726435,
       0.70933876, 0.        , 0.71070826, 0.66609068, 0.71039294,
       0.67516681, 0.69781584, 0.71195208, 0.71090047, 0.        ,
       0.68322226, 0.        , 0.71280936, 0.67516681, 0.70821753,
       0.68411297, 0.70590689, 0.66609068, 0.67516681, 0.71278487,
       0.71223061, 0.67516681, 0.687192  , 0.70879322, 0.68483561,
       0.69726435, 0.71218955, 0.70078342, 0.66609068, 0.70980414,
       0.68322226, 0.71170974, 0.69726435, 0.70993247, 0.        ,
       0.67516681, 0.71090699, 0.71280258, 0.67516681, 0.7106432 ,
       0.67516681, 0.        , 0.70078342, 0.69726435, 0.        ,
       0.70520379, 0.68322226, 0.68411297, 0.69726435, 0.71144089,
       0.7135493 , 0.71358775, 0.710497  , 0.71059999, 0.        ,
       0.70152351, 0.7092106 , 0.71358775, 0.687192  , 0.70993247,
       0.71064237, 0.        , 0.68608976, 0.68322226, 0.70258205,
       0.        , 0.70260338, 0.71278487, 0.        , 0.70258205,
       0.71156255, 0.66609068, 0.68322226, 0.70251518, 0.71056241,
       0.        , 0.68322226, 0.        , 0.710497  , 0.67516681,
       0.        , 0.69726435, 0.71278487, 0.68411297, 0.71170974,
       0.71008975, 0.70420351, 0.70260338, 0.69781584, 0.        ,
       0.67516681, 0.69726435, 0.66609068, 0.67516681, 0.70821753]), 'split4_test_score': array([0.64131277, 0.67689664, 0.70849537, 0.69359486, 0.69005044,
       0.70827605, 0.        , 0.70692396, 0.64131277, 0.70802039,
       0.67892504, 0.69079445, 0.70786517, 0.70645953, 0.        ,
       0.67684516, 0.        , 0.70662581, 0.64553094, 0.69670629,
       0.67689664, 0.69841521, 0.64131277, 0.67892504, 0.70097748,
       0.70692396, 0.67892504, 0.67955208, 0.69907039, 0.67689664,
       0.69005044, 0.70802039, 0.69016932, 0.64131277, 0.71021326,
       0.67684516, 0.70579576, 0.69005044, 0.70824872, 0.        ,
       0.66659923, 0.70702073, 0.70516668, 0.67892504, 0.70573045,
       0.67892504, 0.        , 0.69016932, 0.69005044, 0.        ,
       0.6961074 , 0.67689664, 0.67689664, 0.69005044, 0.70805682,
       0.70327396, 0.70434404, 0.69898682, 0.70876077, 0.        ,
       0.69359486, 0.69702846, 0.70434404, 0.67955208, 0.70824872,
       0.69898682, 0.        , 0.67848012, 0.67689664, 0.69196543,
       0.        , 0.68980335, 0.70097748, 0.        , 0.69196543,
       0.70684075, 0.64131277, 0.67689664, 0.69384763, 0.70777259,
       0.        , 0.67689664, 0.        , 0.69898682, 0.67892504,
       0.        , 0.69005044, 0.69973595, 0.67689664, 0.70567705,
       0.70855982, 0.69415208, 0.68980335, 0.69079445, 0.        ,
       0.66659923, 0.69005044, 0.64131277, 0.66659923, 0.69670629]), 'split5_test_score': array([0.67447596, 0.67694923, 0.71122443, 0.70034616, 0.69242752,
       0.71296648, 0.        , 0.71213019, 0.67447596, 0.7118196 ,
       0.69077954, 0.69465877, 0.71094632, 0.71120108, 0.        ,
       0.67703012, 0.        , 0.711554  , 0.67447596, 0.70562123,
       0.67211085, 0.7063955 , 0.67447596, 0.69077954, 0.71095634,
       0.71070369, 0.69077954, 0.68104004, 0.7059162 , 0.67788069,
       0.69248177, 0.71083042, 0.69802655, 0.67447596, 0.71017068,
       0.67703012, 0.71120573, 0.69248177, 0.7120039 , 0.        ,
       0.68035132, 0.71285412, 0.71228373, 0.69077954, 0.71062429,
       0.69077954, 0.        , 0.69802655, 0.69248177, 0.        ,
       0.70488387, 0.67694923, 0.67211085, 0.69248177, 0.71015823,
       0.71041477, 0.71186441, 0.70855121, 0.71227157, 0.        ,
       0.70034616, 0.70628324, 0.71186441, 0.68104004, 0.7120039 ,
       0.70855121, 0.        , 0.67703012, 0.67694923, 0.69825812,
       0.        , 0.69686762, 0.71095634, 0.        , 0.69825812,
       0.70996816, 0.67447596, 0.67694923, 0.69937265, 0.71214841,
       0.        , 0.67694923, 0.        , 0.70855121, 0.69077954,
       0.        , 0.69242752, 0.71080401, 0.67211085, 0.71120573,
       0.711554  , 0.70270955, 0.69686762, 0.69465877, 0.        ,
       0.68035132, 0.69248177, 0.67447596, 0.68035132, 0.70562123]), 'mean_test_score': array([0.65841181, 0.67999635, 0.70975962, 0.69796211, 0.68771462,
       0.71100354, 0.        , 0.71023058, 0.65841181, 0.71013415,
       0.6743599 , 0.69467759, 0.71022786, 0.70840872, 0.        ,
       0.68104507, 0.        , 0.70986519, 0.66607696, 0.70244759,
       0.67926425, 0.70273699, 0.65841181, 0.6743599 , 0.70698894,
       0.71044435, 0.6743599 , 0.68303754, 0.70358601, 0.68034633,
       0.68758382, 0.71030677, 0.69615481, 0.65841181, 0.71034808,
       0.68104507, 0.7082287 , 0.68758382, 0.70985258, 0.        ,
       0.67056756, 0.71081323, 0.70934312, 0.6743599 , 0.70872271,
       0.6743599 , 0.        , 0.69615481, 0.68758382, 0.        ,
       0.70133311, 0.67999635, 0.67926425, 0.68758382, 0.71013101,
       0.70756589, 0.70844404, 0.70436956, 0.71051256, 0.        ,
       0.69819129, 0.70288552, 0.70842113, 0.68303754, 0.70985258,
       0.70421734, 0.        , 0.68182724, 0.67999635, 0.69747282,
       0.        , 0.69566735, 0.70695942, 0.        , 0.69747282,
       0.71029385, 0.65841181, 0.67999635, 0.69811939, 0.71023403,
       0.        , 0.67999635, 0.        , 0.70436956, 0.6743599 ,
       0.        , 0.68771462, 0.70656329, 0.67926425, 0.70841221,
       0.71034262, 0.70039138, 0.69566735, 0.69467759, 0.        ,
       0.67056756, 0.68758382, 0.65841181, 0.67056756, 0.70244759]), 'std_test_score': array([0.01061951, 0.00305854, 0.00306546, 0.00329825, 0.00602717,
       0.00309556, 0.        , 0.00312538, 0.01061951, 0.00318885,
       0.00914901, 0.00363446, 0.00313591, 0.00434177, 0.        ,
       0.00415908, 0.        , 0.00359566, 0.0102572 , 0.00486406,
       0.00432596, 0.00398945, 0.01061951, 0.00914901, 0.00451861,
       0.00342959, 0.00914901, 0.00406975, 0.00409552, 0.003254  ,
       0.00618621, 0.00328438, 0.00423381, 0.01061951, 0.00272542,
       0.00415908, 0.00379147, 0.00618621, 0.00379718, 0.        ,
       0.00607749, 0.00304873, 0.00401505, 0.00914901, 0.00349345,
       0.00914901, 0.        , 0.00423381, 0.00618621, 0.        ,
       0.00428908, 0.00305854, 0.00432596, 0.00618621, 0.00291807,
       0.0042124 , 0.00429076, 0.00474467, 0.00334098, 0.        ,
       0.00300349, 0.00455575, 0.00422879, 0.00406975, 0.00379718,
       0.00524737, 0.        , 0.00426892, 0.00305854, 0.00415655,
       0.        , 0.0048616 , 0.00450303, 0.        , 0.00415655,
       0.00337506, 0.01061951, 0.00305854, 0.00348004, 0.00288541,
       0.        , 0.00305854, 0.        , 0.00474467, 0.00914901,
       0.        , 0.00602717, 0.00462277, 0.00432596, 0.00403122,
       0.0032295 , 0.00431414, 0.0048616 , 0.00363446, 0.        ,
       0.00607749, 0.00618621, 0.01061951, 0.00607749, 0.00486406]), 'rank_test_score': array([81, 63, 17, 41, 50,  1, 87, 10, 81, 12, 71, 48, 11, 23, 87, 60, 87,
       14, 80, 35, 68, 34, 81, 71, 26,  4, 71, 57, 32, 62, 52,  7, 44, 81,
        5, 60, 24, 52, 15, 87, 77,  2, 18, 71, 19, 71, 87, 44, 52, 87, 37,
       63, 68, 52, 13, 25, 20, 29,  3, 87, 39, 33, 21, 57, 15, 31, 87, 59,
       63, 42, 87, 46, 27, 87, 42,  8, 81, 63, 40,  9, 87, 63, 87, 29, 71,
       87, 50, 28, 68, 22,  6, 38, 46, 48, 87, 77, 52, 81, 77, 35],
      dtype=int32)}