{'mean_fit_time': array([ 7.99047523,  9.04540849, 10.21126933, 10.55620079, 11.76561208,
        7.02994399,  8.26778598,  9.35323114, 10.45737333, 11.74982376,
        6.97602472,  8.14680276,  9.36219478, 10.4455647 , 11.53134952,
        6.96687918,  8.10449381,  9.26715746, 10.41135054, 11.58647084,
        7.06810002,  8.13500199,  9.30388246, 10.56894836, 11.6383954 ,
        6.87871556,  8.09137444,  9.20194097, 10.58681355, 11.65271964,
        6.87446504,  8.09705563,  9.23055582, 10.46970348, 11.50572586,
        6.8562798 ,  8.06357837,  9.20735617, 10.48043079, 11.65032482,
        6.94905324,  8.10499701,  9.44239626, 10.32068624, 11.46170554,
        7.33242397,  8.52680359,  9.69732013, 10.99345255, 12.19214687,
        7.3034008 ,  8.45941138,  9.71963773, 10.92416167, 12.12696481,
        7.24731398,  8.5330708 ,  9.70454173, 11.96321125, 12.17305784,
        7.24373593,  8.52648802,  9.68460727, 10.86850705, 12.03821292,
        7.25083404,  8.47597995,  9.65275817, 10.95185499, 12.44327388,
        9.73406949, 10.47442551,  9.62436309, 10.80252819, 12.14674935,
        7.30871964,  8.43808937,  9.58456726, 10.73496261, 12.04389749,
        7.11928492,  8.3852397 ,  9.56129322, 10.6794786 , 11.93125806,
        7.23455768,  8.34817395,  9.50907421, 10.78357406, 12.04550066,
        8.14207249,  9.17734485, 10.40553589, 11.69354601, 12.94418449,
        7.73333478,  8.96408582, 10.18880239, 11.53388104, 12.86570969,
        7.51407847,  8.87577472, 10.10929546, 11.39816813, 12.69885645,
        7.64229059,  8.95553308, 10.27799349, 11.51447906, 12.86809039,
        7.66473174,  9.28214846, 13.64746842, 13.93405886, 15.35173874,
        9.06100221, 10.1894547 , 11.61845922, 13.09501767, 15.83371444,
        9.76883159, 10.66217294, 12.26946702, 13.2543663 , 15.66281786,
        9.32355142, 10.5719553 , 12.3212842 , 13.42672071, 14.37482758,
        8.5863811 , 11.09783754, 11.95881362, 12.78771982, 14.01848788,
        9.07009077, 11.10892658, 12.29424429, 13.93039656, 15.69527903,
        9.228408  , 11.20184298, 12.34807997, 13.83324742, 15.36200171,
        8.84320374,  9.93983688, 10.97594481, 12.12692966, 13.8995913 ,
        9.122824  , 10.40524497, 11.14837704, 12.81161408, 15.37972031,
        9.11230345, 14.44816341, 19.05725875, 15.5395782 , 15.75973802,
        9.2861824 , 10.85047283, 12.97000794, 15.70634995, 15.25533438,
        8.83874989, 10.20786614, 11.77213702, 13.04564819, 14.47571597,
        8.61354961, 10.13715982, 11.54443521, 13.04886131, 14.87221737,
        9.05377936, 10.31701226, 11.91381216, 13.63182507, 14.79242144,
        9.87922277, 11.40077281, 13.0363852 , 14.72189565, 17.00248957,
        9.12394338, 10.35356092, 12.27944913, 15.1105114 , 14.95598874,
        8.75562358, 10.08991609, 12.11132159, 14.05296683, 14.94116135,
        8.96348324, 12.37815552, 14.36316156, 14.72156019, 18.3460196 ,
       11.00073476, 14.51101403, 14.74656119, 16.63494892, 17.57728896,
        9.75694833, 11.25795045, 13.43952751, 20.45214114, 21.75270162,
       10.36974607, 12.10952477, 12.79160552, 16.86223493, 15.57583575,
        9.48114152, 10.88951411, 12.52806721, 13.84576221, 15.33163142,
        9.21291041, 10.75165958, 12.17128477, 13.71080112, 15.12606516,
       10.33417492, 11.915553  , 13.76711106, 15.45921464, 17.15844269,
        9.99821444, 11.65215507, 13.05393968, 14.74866686, 16.44190159,
        9.54907465, 11.16035714, 12.68346691, 14.31857257, 16.22649207,
       10.13358192, 11.8249764 , 13.45852156, 14.85218492, 16.24763088,
        9.65299668, 12.31059594, 12.91040158, 14.44014044, 19.08673224,
       11.92350063, 15.04144888, 15.11295533, 15.83615079, 26.00882196,
       14.15692854, 12.99188685, 13.3833775 , 14.52016087, 16.00532188,
       11.6871542 , 12.22469096, 13.00212002, 14.80827599, 18.25348706,
        9.53741484, 10.94374242, 14.2749918 , 15.90599174, 15.33272805]), 'std_fit_time': array([0.22385049, 0.21285848, 0.83593365, 0.07055655, 0.10043261,
       0.08627757, 0.06853281, 0.08174909, 0.05940649, 0.23234439,
       0.07826269, 0.07374429, 0.15986019, 0.09603161, 0.05721382,
       0.03849527, 0.06071812, 0.05169554, 0.07420884, 0.0423967 ,
       0.07314129, 0.03781741, 0.11120419, 0.0804261 , 0.08088876,
       0.06735456, 0.06379408, 0.04632267, 0.22309614, 0.31555026,
       0.08184885, 0.05245655, 0.07018678, 0.00957375, 0.07887937,
       0.07241753, 0.06726421, 0.04236946, 0.14085614, 0.05167363,
       0.07830459, 0.02814465, 0.27420067, 0.08030108, 0.13221582,
       0.07657485, 0.04292739, 0.09677872, 0.06186692, 0.11848832,
       0.03466559, 0.08263644, 0.08002935, 0.02883923, 0.05352113,
       0.02884588, 0.07210872, 0.04972701, 0.66595214, 0.1353526 ,
       0.07716403, 0.08102771, 0.11818529, 0.09200739, 0.08520525,
       0.03274121, 0.10547618, 0.11587532, 0.14147966, 0.46573727,
       0.68801461, 1.35760334, 0.14509678, 0.08169638, 0.07183314,
       0.13624224, 0.08380985, 0.08751157, 0.10216972, 0.24578848,
       0.1417567 , 0.11393656, 0.04387291, 0.12450593, 0.05131776,
       0.12424195, 0.04149542, 0.09759243, 0.15183478, 0.19053827,
       0.24165454, 0.12834148, 0.12270949, 0.14750552, 0.17913438,
       0.07731112, 0.08698257, 0.10102784, 0.10684667, 0.09451411,
       0.08343939, 0.04164717, 0.01488238, 0.09048839, 0.13975315,
       0.0333908 , 0.0695474 , 0.09636516, 0.08070437, 0.09606677,
       0.09277346, 0.45064972, 0.88832332, 0.10027844, 0.08856429,
       0.1542738 , 0.0559771 , 0.09951883, 0.13553661, 1.41119946,
       0.50486696, 0.52266568, 0.69889907, 0.40502967, 0.55294911,
       1.14662081, 0.82272542, 0.66335174, 0.34850504, 0.06501106,
       0.13550798, 0.84097843, 0.35739626, 0.52206266, 0.11266719,
       0.10702758, 0.34921518, 0.22113451, 0.17297747, 0.36957598,
       0.44222239, 0.52655433, 0.06858234, 0.14645343, 0.12246602,
       0.10961212, 0.53780583, 0.1510879 , 0.25695654, 0.44023913,
       0.16858182, 0.53239825, 0.26716825, 0.67866872, 0.58046118,
       0.31586181, 0.89579928, 1.47840834, 1.3628138 , 0.14450854,
       0.07246608, 0.08182999, 0.72646924, 0.83980043, 0.36189078,
       0.05167364, 0.10238039, 0.06675423, 0.14328903, 0.11922978,
       0.07170795, 0.06832855, 0.05450774, 0.0541474 , 0.55614876,
       0.46770177, 0.09048773, 0.07762559, 0.14932232, 0.04746673,
       0.07501587, 0.04612858, 0.07766445, 0.07895133, 0.57831536,
       0.16503828, 0.16113649, 0.2177521 , 0.80067802, 0.10559082,
       0.13494085, 0.03697129, 0.08598712, 0.25515362, 0.64430982,
       0.18813657, 1.76251615, 1.2985918 , 0.81117994, 1.26490242,
       0.38142373, 1.50463746, 1.73296114, 1.6675751 , 0.62196977,
       0.10999406, 0.09725297, 0.7029774 , 2.4459405 , 4.44684133,
       0.69327996, 0.39106024, 0.82349975, 1.40514628, 0.22584406,
       0.25643515, 0.05577083, 0.10084376, 0.20403804, 0.14155382,
       0.06307973, 0.08690912, 0.05978428, 0.06688651, 0.04254448,
       0.11463059, 0.05690318, 0.18290368, 0.13264493, 0.19990567,
       0.06485697, 0.09961932, 0.04876935, 0.15560361, 0.21147252,
       0.06353527, 0.08331892, 0.08631552, 0.13581616, 0.17545944,
       0.43971912, 0.57035256, 0.27520092, 0.3147486 , 0.06217079,
       0.04543176, 0.38106056, 0.06237445, 0.10089763, 2.48164852,
       0.74303608, 1.1528514 , 0.62131521, 1.43512024, 0.93945764,
       2.33477558, 0.59536668, 0.59549688, 0.56089988, 0.13754734,
       0.96169234, 1.18139678, 0.78411788, 0.64976086, 0.43397429,
       0.08994531, 0.06596976, 1.99959279, 2.11355186, 0.50731667]), 'mean_score_time': array([0.39560795, 0.51755538, 0.5161067 , 0.56834683, 0.62900095,
       0.38751397, 0.44694991, 0.50456176, 0.58330584, 0.63561225,
       0.37346988, 0.45754867, 0.50630016, 0.56713862, 0.63542504,
       0.37641039, 0.44069076, 0.50910621, 0.56918097, 0.64136238,
       0.39066062, 0.45130539, 0.51335387, 0.56212406, 0.6283493 ,
       0.38261442, 0.43432317, 0.52926049, 0.60963364, 0.62857637,
       0.38300333, 0.43892875, 0.50932345, 0.5809248 , 0.62471948,
       0.37722702, 0.44568172, 0.49731421, 0.56612482, 0.6189795 ,
       0.37995954, 0.43506556, 0.50203228, 0.54805703, 0.6183372 ,
       0.4164813 , 0.47722106, 0.55345607, 0.60638776, 0.6792645 ,
       0.40914965, 0.47654219, 0.53642697, 0.6117281 , 0.66831269,
       0.40713758, 0.47367949, 0.54174562, 0.61414185, 0.66636052,
       0.4010942 , 0.4654964 , 0.54758358, 0.60582161, 0.67694454,
       0.4073092 , 0.46941781, 0.54065099, 0.61455116, 0.76518302,
       0.51693916, 0.51499081, 0.52913766, 0.64700656, 0.6700079 ,
       0.41435995, 0.46544709, 0.5326088 , 0.59741712, 0.6588275 ,
       0.40023909, 0.48052073, 0.52610202, 0.62711496, 0.66295662,
       0.40820422, 0.4711257 , 0.52795448, 0.61610622, 0.66852498,
       0.48350263, 0.51778445, 0.59613309, 0.66058517, 0.74631519,
       0.42799153, 0.51582203, 0.5818049 , 0.64731827, 0.72793479,
       0.4385221 , 0.50011597, 0.57716503, 0.64763126, 0.73057642,
       0.431108  , 0.510778  , 0.58752446, 0.66427536, 0.7409668 ,
       0.43579087, 0.57245793, 0.80275245, 0.75404005, 0.85254378,
       0.51328163, 0.56161084, 0.68323741, 0.73561468, 0.8875844 ,
       0.54426961, 0.6075242 , 0.63839922, 0.75088639, 0.79107189,
       0.5315866 , 0.56411171, 0.73037219, 0.7017158 , 0.81464686,
       0.51035895, 0.5885232 , 0.65852313, 0.6882762 , 0.78061266,
       0.51641812, 0.64704008, 0.6902976 , 0.80365806, 0.87541461,
       0.50668073, 0.61342564, 0.72108588, 0.78225536, 0.87313519,
       0.48878908, 0.53725886, 0.62021728, 0.69098544, 0.8646399 ,
       0.520889  , 0.64039602, 0.63421874, 0.77123976, 0.86307297,
       0.49829788, 0.85580935, 0.96386323, 0.82269363, 0.86505771,
       0.50470252, 0.58648477, 0.76943421, 0.86002727, 0.86264005,
       0.49338937, 0.58334684, 0.64467554, 0.72934723, 0.83804502,
       0.49613714, 0.56218233, 0.65834141, 0.7225771 , 0.86341429,
       0.50610766, 0.57544379, 0.65997105, 0.73586178, 0.81794901,
       0.56461782, 0.64980879, 0.73570356, 0.84007072, 1.09241204,
       0.56886015, 0.57855301, 0.71314101, 0.89125557, 0.85281134,
       0.51907196, 0.58805132, 0.7186132 , 0.82386804, 0.85552478,
       0.52358279, 0.76253462, 0.75080953, 0.9051096 , 1.03476362,
       0.61813951, 0.88119802, 0.9580266 , 1.01092439, 0.94396133,
       0.53925772, 0.62738118, 0.79174061, 1.29121451, 1.04787259,
       0.5980011 , 0.71640887, 0.70066819, 0.89059081, 0.9709199 ,
       0.53988552, 0.604634  , 0.70543599, 0.77922711, 0.87490797,
       0.53396497, 0.58880324, 0.69881849, 0.7786602 , 0.8708962 ,
       0.61291304, 0.70023823, 0.85177455, 0.92305484, 1.00047755,
       0.60286069, 0.69674993, 0.7928009 , 0.87346973, 0.97841372,
       0.57655401, 0.66458902, 0.75255322, 0.84732509, 0.96287007,
       0.62489204, 0.69819255, 0.78250885, 0.86025825, 0.98606505,
       0.58090286, 0.7490809 , 0.75991263, 0.86244397, 1.35463414,
       0.61572385, 0.8389739 , 0.84188223, 1.02125154, 1.59233661,
       0.6441462 , 0.71418614, 0.80534215, 0.82097068, 0.97900376,
       0.77593861, 0.62632065, 0.76499505, 0.8633492 , 0.99798207,
       0.55915203, 0.64330935, 0.97272792, 0.81482024, 0.81440144]), 'std_score_time': array([0.03850977, 0.18048414, 0.02376422, 0.0107098 , 0.00877262,
       0.02074111, 0.01405457, 0.00886055, 0.02942554, 0.02309465,
       0.00635923, 0.0211964 , 0.00697512, 0.00512916, 0.02453096,
       0.00646266, 0.00748682, 0.00697095, 0.01199814, 0.02392924,
       0.01881812, 0.01965294, 0.01057971, 0.00707362, 0.02354224,
       0.01893568, 0.01235448, 0.02380364, 0.06984788, 0.00825346,
       0.01511427, 0.00867443, 0.01731556, 0.01502074, 0.0117987 ,
       0.00790627, 0.01351073, 0.00738056, 0.01396029, 0.01257572,
       0.01641975, 0.01614256, 0.0076381 , 0.0123886 , 0.01196537,
       0.01743882, 0.01682583, 0.00566722, 0.00739273, 0.0073719 ,
       0.00386641, 0.01768587, 0.01059036, 0.0175477 , 0.01192693,
       0.01799407, 0.02150881, 0.01413191, 0.01582715, 0.00859971,
       0.00474011, 0.00272479, 0.01127005, 0.00959418, 0.01935912,
       0.01861665, 0.00346287, 0.00845261, 0.01423985, 0.1101716 ,
       0.04094704, 0.03624702, 0.01637948, 0.09172763, 0.01451034,
       0.03316114, 0.01366668, 0.0105474 , 0.00659569, 0.03148267,
       0.00511509, 0.03339549, 0.01006541, 0.03753407, 0.00816954,
       0.01631711, 0.02296511, 0.02008172, 0.02531599, 0.00860382,
       0.077282  , 0.01149764, 0.01172013, 0.01370865, 0.03336407,
       0.02831716, 0.03038323, 0.00623903, 0.00990392, 0.02200345,
       0.00790596, 0.02330911, 0.0067422 , 0.01048808, 0.00998359,
       0.01040966, 0.00575929, 0.02138868, 0.03054915, 0.01933202,
       0.00856683, 0.06196686, 0.16637461, 0.00611864, 0.02524755,
       0.03302059, 0.00775001, 0.07224628, 0.01479291, 0.13841406,
       0.12774486, 0.07760456, 0.0171965 , 0.04410206, 0.06139965,
       0.08466767, 0.03968843, 0.07389713, 0.01056599, 0.05048885,
       0.06884732, 0.04259109, 0.03329101, 0.00733651, 0.00854634,
       0.0126856 , 0.10498512, 0.02155831, 0.03237554, 0.03724095,
       0.01156362, 0.02697586, 0.04647794, 0.01476278, 0.02522412,
       0.00547457, 0.01210137, 0.02469017, 0.00602896, 0.08818964,
       0.03199116, 0.10705765, 0.01813909, 0.06166162, 0.07614817,
       0.04403938, 0.11016548, 0.12773922, 0.03579887, 0.02114203,
       0.00474436, 0.00974992, 0.09599725, 0.10505782, 0.03778202,
       0.01248085, 0.02813695, 0.00443027, 0.0138867 , 0.02474297,
       0.01479358, 0.00576345, 0.03758664, 0.01300991, 0.04803656,
       0.03254804, 0.01605362, 0.01728068, 0.00965464, 0.00588298,
       0.01529733, 0.01109052, 0.01270693, 0.01981577, 0.15369312,
       0.04926754, 0.01002545, 0.04384696, 0.13970646, 0.01432984,
       0.02081731, 0.01490575, 0.03761921, 0.02973798, 0.05641052,
       0.02395136, 0.16385675, 0.02587823, 0.11862669, 0.25380648,
       0.10359865, 0.12674599, 0.39177982, 0.09356421, 0.01740669,
       0.02693505, 0.0232184 , 0.05610473, 0.30452424, 0.05245885,
       0.12708034, 0.11964808, 0.06607072, 0.14750142, 0.1398302 ,
       0.02904731, 0.01296981, 0.02104698, 0.01025526, 0.03617739,
       0.00651083, 0.02608914, 0.01834802, 0.01233383, 0.00824376,
       0.01883256, 0.01778757, 0.092495  , 0.01940856, 0.01589443,
       0.02457496, 0.02169278, 0.02023047, 0.01709424, 0.00209761,
       0.01980623, 0.01503915, 0.03352275, 0.01014637, 0.03937409,
       0.07404651, 0.04544959, 0.02230468, 0.03286173, 0.03117132,
       0.02119027, 0.10448056, 0.00899773, 0.04104718, 0.37279005,
       0.06771423, 0.19243289, 0.10295054, 0.39453643, 0.52993688,
       0.10042336, 0.06635691, 0.16585902, 0.01418884, 0.10648905,
       0.25927257, 0.02141729, 0.05591824, 0.05881403, 0.09432074,
       0.02623237, 0.03027812, 0.22525246, 0.05217749, 0.0825099 ]), 'param_max_depth': masked_array(data=[10, 10, 10, 10, 10, 10, 10, 10, 10, 10, 10, 10, 10, 10,
                   10, 10, 10, 10, 10, 10, 10, 10, 10, 10, 10, 10, 10, 10,
                   10, 10, 10, 10, 10, 10, 10, 10, 10, 10, 10, 10, 10, 10,
                   10, 10, 10, 11, 11, 11, 11, 11, 11, 11, 11, 11, 11, 11,
                   11, 11, 11, 11, 11, 11, 11, 11, 11, 11, 11, 11, 11, 11,
                   11, 11, 11, 11, 11, 11, 11, 11, 11, 11, 11, 11, 11, 11,
                   11, 11, 11, 11, 11, 11, 12, 12, 12, 12, 12, 12, 12, 12,
                   12, 12, 12, 12, 12, 12, 12, 12, 12, 12, 12, 12, 12, 12,
                   12, 12, 12, 12, 12, 12, 12, 12, 12, 12, 12, 12, 12, 12,
                   12, 12, 12, 12, 12, 12, 12, 12, 12, 13, 13, 13, 13, 13,
                   13, 13, 13, 13, 13, 13, 13, 13, 13, 13, 13, 13, 13, 13,
                   13, 13, 13, 13, 13, 13, 13, 13, 13, 13, 13, 13, 13, 13,
                   13, 13, 13, 13, 13, 13, 13, 13, 13, 13, 13, 13, 14, 14,
                   14, 14, 14, 14, 14, 14, 14, 14, 14, 14, 14, 14, 14, 14,
                   14, 14, 14, 14, 14, 14, 14, 14, 14, 14, 14, 14, 14, 14,
                   14, 14, 14, 14, 14, 14, 14, 14, 14, 14, 14, 14, 14, 14,
                   14, 15, 15, 15, 15, 15, 15, 15, 15, 15, 15, 15, 15, 15,
                   15, 15, 15, 15, 15, 15, 15, 15, 15, 15, 15, 15, 15, 15,
                   15, 15, 15, 15, 15, 15, 15, 15, 15, 15, 15, 15, 15, 15,
                   15, 15, 15, 15],
             mask=[False, False, False, False, False, False, False, False,
                   False, False, False, False, False, False, False, False,
                   False, False, False, False, False, False, False, False,
                   False, False, False, False, False, False, False, False,
                   False, False, False, False, False, False, False, False,
                   False, False, False, False, False, False, False, False,
                   False, False, False, False, False, False, False, False,
                   False, False, False, False, False, False, False, False,
                   False, False, False, False, False, False, False, False,
                   False, False, False, False, False, False, False, False,
                   False, False, False, False, False, False, False, False,
                   False, False, False, False, False, False, False, False,
                   False, False, False, False, False, False, False, False,
                   False, False, False, False, False, False, False, False,
                   False, False, False, False, False, False, False, False,
                   False, False, False, False, False, False, False, False,
                   False, False, False, False, False, False, False, False,
                   False, False, False, False, False, False, False, False,
                   False, False, False, False, False, False, False, False,
                   False, False, False, False, False, False, False, False,
                   False, False, False, False, False, False, False, False,
                   False, False, False, False, False, False, False, False,
                   False, False, False, False, False, False, False, False,
                   False, False, False, False, False, False, False, False,
                   False, False, False, False, False, False, False, False,
                   False, False, False, False, False, False, False, False,
                   False, False, False, False, False, False, False, False,
                   False, False, False, False, False, False, False, False,
                   False, False, False, False, False, False, False, False,
                   False, False, False, False, False, False, False, False,
                   False, False, False, False, False, False, False, False,
                   False, False, False, False, False, False, False, False,
                   False, False, False, False, False, False, False, False,
                   False, False, False, False, False, False],
       fill_value='?',
            dtype=object), 'param_min_samples_leaf': masked_array(data=[1, 1, 1, 1, 1, 1, 1, 1, 1, 1, 1, 1, 1, 1, 1, 2, 2, 2,
                   2, 2, 2, 2, 2, 2, 2, 2, 2, 2, 2, 2, 4, 4, 4, 4, 4, 4,
                   4, 4, 4, 4, 4, 4, 4, 4, 4, 1, 1, 1, 1, 1, 1, 1, 1, 1,
                   1, 1, 1, 1, 1, 1, 2, 2, 2, 2, 2, 2, 2, 2, 2, 2, 2, 2,
                   2, 2, 2, 4, 4, 4, 4, 4, 4, 4, 4, 4, 4, 4, 4, 4, 4, 4,
                   1, 1, 1, 1, 1, 1, 1, 1, 1, 1, 1, 1, 1, 1, 1, 2, 2, 2,
                   2, 2, 2, 2, 2, 2, 2, 2, 2, 2, 2, 2, 4, 4, 4, 4, 4, 4,
                   4, 4, 4, 4, 4, 4, 4, 4, 4, 1, 1, 1, 1, 1, 1, 1, 1, 1,
                   1, 1, 1, 1, 1, 1, 2, 2, 2, 2, 2, 2, 2, 2, 2, 2, 2, 2,
                   2, 2, 2, 4, 4, 4, 4, 4, 4, 4, 4, 4, 4, 4, 4, 4, 4, 4,
                   1, 1, 1, 1, 1, 1, 1, 1, 1, 1, 1, 1, 1, 1, 1, 2, 2, 2,
                   2, 2, 2, 2, 2, 2, 2, 2, 2, 2, 2, 2, 4, 4, 4, 4, 4, 4,
                   4, 4, 4, 4, 4, 4, 4, 4, 4, 1, 1, 1, 1, 1, 1, 1, 1, 1,
                   1, 1, 1, 1, 1, 1, 2, 2, 2, 2, 2, 2, 2, 2, 2, 2, 2, 2,
                   2, 2, 2, 4, 4, 4, 4, 4, 4, 4, 4, 4, 4, 4, 4, 4, 4, 4],
             mask=[False, False, False, False, False, False, False, False,
                   False, False, False, False, False, False, False, False,
                   False, False, False, False, False, False, False, False,
                   False, False, False, False, False, False, False, False,
                   False, False, False, False, False, False, False, False,
                   False, False, False, False, False, False, False, False,
                   False, False, False, False, False, False, False, False,
                   False, False, False, False, False, False, False, False,
                   False, False, False, False, False, False, False, False,
                   False, False, False, False, False, False, False, False,
                   False, False, False, False, False, False, False, False,
                   False, False, False, False, False, False, False, False,
                   False, False, False, False, False, False, False, False,
                   False, False, False, False, False, False, False, False,
                   False, False, False, False, False, False, False, False,
                   False, False, False, False, False, False, False, False,
                   False, False, False, False, False, False, False, False,
                   False, False, False, False, False, False, False, False,
                   False, False, False, False, False, False, False, False,
                   False, False, False, False, False, False, False, False,
                   False, False, False, False, False, False, False, False,
                   False, False, False, False, False, False, False, False,
                   False, False, False, False, False, False, False, False,
                   False, False, False, False, False, False, False, False,
                   False, False, False, False, False, False, False, False,
                   False, False, False, False, False, False, False, False,
                   False, False, False, False, False, False, False, False,
                   False, False, False, False, False, False, False, False,
                   False, False, False, False, False, False, False, False,
                   False, False, False, False, False, False, False, False,
                   False, False, False, False, False, False, False, False,
                   False, False, False, False, False, False, False, False,
                   False, False, False, False, False, False, False, False,
                   False, False, False, False, False, False],
       fill_value='?',
            dtype=object), 'param_min_samples_split': masked_array(data=[2, 2, 2, 2, 2, 5, 5, 5, 5, 5, 10, 10, 10, 10, 10, 2, 2,
                   2, 2, 2, 5, 5, 5, 5, 5, 10, 10, 10, 10, 10, 2, 2, 2, 2,
                   2, 5, 5, 5, 5, 5, 10, 10, 10, 10, 10, 2, 2, 2, 2, 2, 5,
                   5, 5, 5, 5, 10, 10, 10, 10, 10, 2, 2, 2, 2, 2, 5, 5, 5,
                   5, 5, 10, 10, 10, 10, 10, 2, 2, 2, 2, 2, 5, 5, 5, 5, 5,
                   10, 10, 10, 10, 10, 2, 2, 2, 2, 2, 5, 5, 5, 5, 5, 10,
                   10, 10, 10, 10, 2, 2, 2, 2, 2, 5, 5, 5, 5, 5, 10, 10,
                   10, 10, 10, 2, 2, 2, 2, 2, 5, 5, 5, 5, 5, 10, 10, 10,
                   10, 10, 2, 2, 2, 2, 2, 5, 5, 5, 5, 5, 10, 10, 10, 10,
                   10, 2, 2, 2, 2, 2, 5, 5, 5, 5, 5, 10, 10, 10, 10, 10,
                   2, 2, 2, 2, 2, 5, 5, 5, 5, 5, 10, 10, 10, 10, 10, 2, 2,
                   2, 2, 2, 5, 5, 5, 5, 5, 10, 10, 10, 10, 10, 2, 2, 2, 2,
                   2, 5, 5, 5, 5, 5, 10, 10, 10, 10, 10, 2, 2, 2, 2, 2, 5,
                   5, 5, 5, 5, 10, 10, 10, 10, 10, 2, 2, 2, 2, 2, 5, 5, 5,
                   5, 5, 10, 10, 10, 10, 10, 2, 2, 2, 2, 2, 5, 5, 5, 5, 5,
                   10, 10, 10, 10, 10, 2, 2, 2, 2, 2, 5, 5, 5, 5, 5, 10,
                   10, 10, 10, 10],
             mask=[False, False, False, False, False, False, False, False,
                   False, False, False, False, False, False, False, False,
                   False, False, False, False, False, False, False, False,
                   False, False, False, False, False, False, False, False,
                   False, False, False, False, False, False, False, False,
                   False, False, False, False, False, False, False, False,
                   False, False, False, False, False, False, False, False,
                   False, False, False, False, False, False, False, False,
                   False, False, False, False, False, False, False, False,
                   False, False, False, False, False, False, False, False,
                   False, False, False, False, False, False, False, False,
                   False, False, False, False, False, False, False, False,
                   False, False, False, False, False, False, False, False,
                   False, False, False, False, False, False, False, False,
                   False, False, False, False, False, False, False, False,
                   False, False, False, False, False, False, False, False,
                   False, False, False, False, False, False, False, False,
                   False, False, False, False, False, False, False, False,
                   False, False, False, False, False, False, False, False,
                   False, False, False, False, False, False, False, False,
                   False, False, False, False, False, False, False, False,
                   False, False, False, False, False, False, False, False,
                   False, False, False, False, False, False, False, False,
                   False, False, False, False, False, False, False, False,
                   False, False, False, False, False, False, False, False,
                   False, False, False, False, False, False, False, False,
                   False, False, False, False, False, False, False, False,
                   False, False, False, False, False, False, False, False,
                   False, False, False, False, False, False, False, False,
                   False, False, False, False, False, False, False, False,
                   False, False, False, False, False, False, False, False,
                   False, False, False, False, False, False, False, False,
                   False, False, False, False, False, False, False, False,
                   False, False, False, False, False, False],
       fill_value='?',
            dtype=object), 'param_n_estimators': masked_array(data=[300, 350, 400, 450, 500, 300, 350, 400, 450, 500, 300,
                   350, 400, 450, 500, 300, 350, 400, 450, 500, 300, 350,
                   400, 450, 500, 300, 350, 400, 450, 500, 300, 350, 400,
                   450, 500, 300, 350, 400, 450, 500, 300, 350, 400, 450,
                   500, 300, 350, 400, 450, 500, 300, 350, 400, 450, 500,
                   300, 350, 400, 450, 500, 300, 350, 400, 450, 500, 300,
                   350, 400, 450, 500, 300, 350, 400, 450, 500, 300, 350,
                   400, 450, 500, 300, 350, 400, 450, 500, 300, 350, 400,
                   450, 500, 300, 350, 400, 450, 500, 300, 350, 400, 450,
                   500, 300, 350, 400, 450, 500, 300, 350, 400, 450, 500,
                   300, 350, 400, 450, 500, 300, 350, 400, 450, 500, 300,
                   350, 400, 450, 500, 300, 350, 400, 450, 500, 300, 350,
                   400, 450, 500, 300, 350, 400, 450, 500, 300, 350, 400,
                   450, 500, 300, 350, 400, 450, 500, 300, 350, 400, 450,
                   500, 300, 350, 400, 450, 500, 300, 350, 400, 450, 500,
                   300, 350, 400, 450, 500, 300, 350, 400, 450, 500, 300,
                   350, 400, 450, 500, 300, 350, 400, 450, 500, 300, 350,
                   400, 450, 500, 300, 350, 400, 450, 500, 300, 350, 400,
                   450, 500, 300, 350, 400, 450, 500, 300, 350, 400, 450,
                   500, 300, 350, 400, 450, 500, 300, 350, 400, 450, 500,
                   300, 350, 400, 450, 500, 300, 350, 400, 450, 500, 300,
                   350, 400, 450, 500, 300, 350, 400, 450, 500, 300, 350,
                   400, 450, 500, 300, 350, 400, 450, 500, 300, 350, 400,
                   450, 500, 300, 350, 400, 450, 500, 300, 350, 400, 450,
                   500, 300, 350, 400, 450, 500],
             mask=[False, False, False, False, False, False, False, False,
                   False, False, False, False, False, False, False, False,
                   False, False, False, False, False, False, False, False,
                   False, False, False, False, False, False, False, False,
                   False, False, False, False, False, False, False, False,
                   False, False, False, False, False, False, False, False,
                   False, False, False, False, False, False, False, False,
                   False, False, False, False, False, False, False, False,
                   False, False, False, False, False, False, False, False,
                   False, False, False, False, False, False, False, False,
                   False, False, False, False, False, False, False, False,
                   False, False, False, False, False, False, False, False,
                   False, False, False, False, False, False, False, False,
                   False, False, False, False, False, False, False, False,
                   False, False, False, False, False, False, False, False,
                   False, False, False, False, False, False, False, False,
                   False, False, False, False, False, False, False, False,
                   False, False, False, False, False, False, False, False,
                   False, False, False, False, False, False, False, False,
                   False, False, False, False, False, False, False, False,
                   False, False, False, False, False, False, False, False,
                   False, False, False, False, False, False, False, False,
                   False, False, False, False, False, False, False, False,
                   False, False, False, False, False, False, False, False,
                   False, False, False, False, False, False, False, False,
                   False, False, False, False, False, False, False, False,
                   False, False, False, False, False, False, False, False,
                   False, False, False, False, False, False, False, False,
                   False, False, False, False, False, False, False, False,
                   False, False, False, False, False, False, False, False,
                   False, False, False, False, False, False, False, False,
                   False, False, False, False, False, False, False, False,
                   False, False, False, False, False, False, False, False,
                   False, False, False, False, False, False],
       fill_value='?',
            dtype=object), 'param_random_state': masked_array(data=[101, 101, 101, 101, 101, 101, 101, 101, 101, 101, 101,
                   101, 101, 101, 101, 101, 101, 101, 101, 101, 101, 101,
                   101, 101, 101, 101, 101, 101, 101, 101, 101, 101, 101,
                   101, 101, 101, 101, 101, 101, 101, 101, 101, 101, 101,
                   101, 101, 101, 101, 101, 101, 101, 101, 101, 101, 101,
                   101, 101, 101, 101, 101, 101, 101, 101, 101, 101, 101,
                   101, 101, 101, 101, 101, 101, 101, 101, 101, 101, 101,
                   101, 101, 101, 101, 101, 101, 101, 101, 101, 101, 101,
                   101, 101, 101, 101, 101, 101, 101, 101, 101, 101, 101,
                   101, 101, 101, 101, 101, 101, 101, 101, 101, 101, 101,
                   101, 101, 101, 101, 101, 101, 101, 101, 101, 101, 101,
                   101, 101, 101, 101, 101, 101, 101, 101, 101, 101, 101,
                   101, 101, 101, 101, 101, 101, 101, 101, 101, 101, 101,
                   101, 101, 101, 101, 101, 101, 101, 101, 101, 101, 101,
                   101, 101, 101, 101, 101, 101, 101, 101, 101, 101, 101,
                   101, 101, 101, 101, 101, 101, 101, 101, 101, 101, 101,
                   101, 101, 101, 101, 101, 101, 101, 101, 101, 101, 101,
                   101, 101, 101, 101, 101, 101, 101, 101, 101, 101, 101,
                   101, 101, 101, 101, 101, 101, 101, 101, 101, 101, 101,
                   101, 101, 101, 101, 101, 101, 101, 101, 101, 101, 101,
                   101, 101, 101, 101, 101, 101, 101, 101, 101, 101, 101,
                   101, 101, 101, 101, 101, 101, 101, 101, 101, 101, 101,
                   101, 101, 101, 101, 101, 101, 101, 101, 101, 101, 101,
                   101, 101, 101, 101, 101, 101, 101, 101, 101, 101, 101,
                   101, 101, 101, 101, 101, 101],
             mask=[False, False, False, False, False, False, False, False,
                   False, False, False, False, False, False, False, False,
                   False, False, False, False, False, False, False, False,
                   False, False, False, False, False, False, False, False,
                   False, False, False, False, False, False, False, False,
                   False, False, False, False, False, False, False, False,
                   False, False, False, False, False, False, False, False,
                   False, False, False, False, False, False, False, False,
                   False, False, False, False, False, False, False, False,
                   False, False, False, False, False, False, False, False,
                   False, False, False, False, False, False, False, False,
                   False, False, False, False, False, False, False, False,
                   False, False, False, False, False, False, False, False,
                   False, False, False, False, False, False, False, False,
                   False, False, False, False, False, False, False, False,
                   False, False, False, False, False, False, False, False,
                   False, False, False, False, False, False, False, False,
                   False, False, False, False, False, False, False, False,
                   False, False, False, False, False, False, False, False,
                   False, False, False, False, False, False, False, False,
                   False, False, False, False, False, False, False, False,
                   False, False, False, False, False, False, False, False,
                   False, False, False, False, False, False, False, False,
                   False, False, False, False, False, False, False, False,
                   False, False, False, False, False, False, False, False,
                   False, False, False, False, False, False, False, False,
                   False, False, False, False, False, False, False, False,
                   False, False, False, False, False, False, False, False,
                   False, False, False, False, False, False, False, False,
                   False, False, False, False, False, False, False, False,
                   False, False, False, False, False, False, False, False,
                   False, False, False, False, False, False, False, False,
                   False, False, False, False, False, False, False, False,
                   False, False, False, False, False, False],
       fill_value='?',
            dtype=object), 'params': [{'max_depth': 10, 'min_samples_leaf': 1, 'min_samples_split': 2, 'n_estimators': 300, 'random_state': 101}, {'max_depth': 10, 'min_samples_leaf': 1, 'min_samples_split': 2, 'n_estimators': 350, 'random_state': 101}, {'max_depth': 10, 'min_samples_leaf': 1, 'min_samples_split': 2, 'n_estimators': 400, 'random_state': 101}, {'max_depth': 10, 'min_samples_leaf': 1, 'min_samples_split': 2, 'n_estimators': 450, 'random_state': 101}, {'max_depth': 10, 'min_samples_leaf': 1, 'min_samples_split': 2, 'n_estimators': 500, 'random_state': 101}, {'max_depth': 10, 'min_samples_leaf': 1, 'min_samples_split': 5, 'n_estimators': 300, 'random_state': 101}, {'max_depth': 10, 'min_samples_leaf': 1, 'min_samples_split': 5, 'n_estimators': 350, 'random_state': 101}, {'max_depth': 10, 'min_samples_leaf': 1, 'min_samples_split': 5, 'n_estimators': 400, 'random_state': 101}, {'max_depth': 10, 'min_samples_leaf': 1, 'min_samples_split': 5, 'n_estimators': 450, 'random_state': 101}, {'max_depth': 10, 'min_samples_leaf': 1, 'min_samples_split': 5, 'n_estimators': 500, 'random_state': 101}, {'max_depth': 10, 'min_samples_leaf': 1, 'min_samples_split': 10, 'n_estimators': 300, 'random_state': 101}, {'max_depth': 10, 'min_samples_leaf': 1, 'min_samples_split': 10, 'n_estimators': 350, 'random_state': 101}, {'max_depth': 10, 'min_samples_leaf': 1, 'min_samples_split': 10, 'n_estimators': 400, 'random_state': 101}, {'max_depth': 10, 'min_samples_leaf': 1, 'min_samples_split': 10, 'n_estimators': 450, 'random_state': 101}, {'max_depth': 10, 'min_samples_leaf': 1, 'min_samples_split': 10, 'n_estimators': 500, 'random_state': 101}, {'max_depth': 10, 'min_samples_leaf': 2, 'min_samples_split': 2, 'n_estimators': 300, 'random_state': 101}, {'max_depth': 10, 'min_samples_leaf': 2, 'min_samples_split': 2, 'n_estimators': 350, 'random_state': 101}, {'max_depth': 10, 'min_samples_leaf': 2, 'min_samples_split': 2, 'n_estimators': 400, 'random_state': 101}, {'max_depth': 10, 'min_samples_leaf': 2, 'min_samples_split': 2, 'n_estimators': 450, 'random_state': 101}, {'max_depth': 10, 'min_samples_leaf': 2, 'min_samples_split': 2, 'n_estimators': 500, 'random_state': 101}, {'max_depth': 10, 'min_samples_leaf': 2, 'min_samples_split': 5, 'n_estimators': 300, 'random_state': 101}, {'max_depth': 10, 'min_samples_leaf': 2, 'min_samples_split': 5, 'n_estimators': 350, 'random_state': 101}, {'max_depth': 10, 'min_samples_leaf': 2, 'min_samples_split': 5, 'n_estimators': 400, 'random_state': 101}, {'max_depth': 10, 'min_samples_leaf': 2, 'min_samples_split': 5, 'n_estimators': 450, 'random_state': 101}, {'max_depth': 10, 'min_samples_leaf': 2, 'min_samples_split': 5, 'n_estimators': 500, 'random_state': 101}, {'max_depth': 10, 'min_samples_leaf': 2, 'min_samples_split': 10, 'n_estimators': 300, 'random_state': 101}, {'max_depth': 10, 'min_samples_leaf': 2, 'min_samples_split': 10, 'n_estimators': 350, 'random_state': 101}, {'max_depth': 10, 'min_samples_leaf': 2, 'min_samples_split': 10, 'n_estimators': 400, 'random_state': 101}, {'max_depth': 10, 'min_samples_leaf': 2, 'min_samples_split': 10, 'n_estimators': 450, 'random_state': 101}, {'max_depth': 10, 'min_samples_leaf': 2, 'min_samples_split': 10, 'n_estimators': 500, 'random_state': 101}, {'max_depth': 10, 'min_samples_leaf': 4, 'min_samples_split': 2, 'n_estimators': 300, 'random_state': 101}, {'max_depth': 10, 'min_samples_leaf': 4, 'min_samples_split': 2, 'n_estimators': 350, 'random_state': 101}, {'max_depth': 10, 'min_samples_leaf': 4, 'min_samples_split': 2, 'n_estimators': 400, 'random_state': 101}, {'max_depth': 10, 'min_samples_leaf': 4, 'min_samples_split': 2, 'n_estimators': 450, 'random_state': 101}, {'max_depth': 10, 'min_samples_leaf': 4, 'min_samples_split': 2, 'n_estimators': 500, 'random_state': 101}, {'max_depth': 10, 'min_samples_leaf': 4, 'min_samples_split': 5, 'n_estimators': 300, 'random_state': 101}, {'max_depth': 10, 'min_samples_leaf': 4, 'min_samples_split': 5, 'n_estimators': 350, 'random_state': 101}, {'max_depth': 10, 'min_samples_leaf': 4, 'min_samples_split': 5, 'n_estimators': 400, 'random_state': 101}, {'max_depth': 10, 'min_samples_leaf': 4, 'min_samples_split': 5, 'n_estimators': 450, 'random_state': 101}, {'max_depth': 10, 'min_samples_leaf': 4, 'min_samples_split': 5, 'n_estimators': 500, 'random_state': 101}, {'max_depth': 10, 'min_samples_leaf': 4, 'min_samples_split': 10, 'n_estimators': 300, 'random_state': 101}, {'max_depth': 10, 'min_samples_leaf': 4, 'min_samples_split': 10, 'n_estimators': 350, 'random_state': 101}, {'max_depth': 10, 'min_samples_leaf': 4, 'min_samples_split': 10, 'n_estimators': 400, 'random_state': 101}, {'max_depth': 10, 'min_samples_leaf': 4, 'min_samples_split': 10, 'n_estimators': 450, 'random_state': 101}, {'max_depth': 10, 'min_samples_leaf': 4, 'min_samples_split': 10, 'n_estimators': 500, 'random_state': 101}, {'max_depth': 11, 'min_samples_leaf': 1, 'min_samples_split': 2, 'n_estimators': 300, 'random_state': 101}, {'max_depth': 11, 'min_samples_leaf': 1, 'min_samples_split': 2, 'n_estimators': 350, 'random_state': 101}, {'max_depth': 11, 'min_samples_leaf': 1, 'min_samples_split': 2, 'n_estimators': 400, 'random_state': 101}, {'max_depth': 11, 'min_samples_leaf': 1, 'min_samples_split': 2, 'n_estimators': 450, 'random_state': 101}, {'max_depth': 11, 'min_samples_leaf': 1, 'min_samples_split': 2, 'n_estimators': 500, 'random_state': 101}, {'max_depth': 11, 'min_samples_leaf': 1, 'min_samples_split': 5, 'n_estimators': 300, 'random_state': 101}, {'max_depth': 11, 'min_samples_leaf': 1, 'min_samples_split': 5, 'n_estimators': 350, 'random_state': 101}, {'max_depth': 11, 'min_samples_leaf': 1, 'min_samples_split': 5, 'n_estimators': 400, 'random_state': 101}, {'max_depth': 11, 'min_samples_leaf': 1, 'min_samples_split': 5, 'n_estimators': 450, 'random_state': 101}, {'max_depth': 11, 'min_samples_leaf': 1, 'min_samples_split': 5, 'n_estimators': 500, 'random_state': 101}, {'max_depth': 11, 'min_samples_leaf': 1, 'min_samples_split': 10, 'n_estimators': 300, 'random_state': 101}, {'max_depth': 11, 'min_samples_leaf': 1, 'min_samples_split': 10, 'n_estimators': 350, 'random_state': 101}, {'max_depth': 11, 'min_samples_leaf': 1, 'min_samples_split': 10, 'n_estimators': 400, 'random_state': 101}, {'max_depth': 11, 'min_samples_leaf': 1, 'min_samples_split': 10, 'n_estimators': 450, 'random_state': 101}, {'max_depth': 11, 'min_samples_leaf': 1, 'min_samples_split': 10, 'n_estimators': 500, 'random_state': 101}, {'max_depth': 11, 'min_samples_leaf': 2, 'min_samples_split': 2, 'n_estimators': 300, 'random_state': 101}, {'max_depth': 11, 'min_samples_leaf': 2, 'min_samples_split': 2, 'n_estimators': 350, 'random_state': 101}, {'max_depth': 11, 'min_samples_leaf': 2, 'min_samples_split': 2, 'n_estimators': 400, 'random_state': 101}, {'max_depth': 11, 'min_samples_leaf': 2, 'min_samples_split': 2, 'n_estimators': 450, 'random_state': 101}, {'max_depth': 11, 'min_samples_leaf': 2, 'min_samples_split': 2, 'n_estimators': 500, 'random_state': 101}, {'max_depth': 11, 'min_samples_leaf': 2, 'min_samples_split': 5, 'n_estimators': 300, 'random_state': 101}, {'max_depth': 11, 'min_samples_leaf': 2, 'min_samples_split': 5, 'n_estimators': 350, 'random_state': 101}, {'max_depth': 11, 'min_samples_leaf': 2, 'min_samples_split': 5, 'n_estimators': 400, 'random_state': 101}, {'max_depth': 11, 'min_samples_leaf': 2, 'min_samples_split': 5, 'n_estimators': 450, 'random_state': 101}, {'max_depth': 11, 'min_samples_leaf': 2, 'min_samples_split': 5, 'n_estimators': 500, 'random_state': 101}, {'max_depth': 11, 'min_samples_leaf': 2, 'min_samples_split': 10, 'n_estimators': 300, 'random_state': 101}, {'max_depth': 11, 'min_samples_leaf': 2, 'min_samples_split': 10, 'n_estimators': 350, 'random_state': 101}, {'max_depth': 11, 'min_samples_leaf': 2, 'min_samples_split': 10, 'n_estimators': 400, 'random_state': 101}, {'max_depth': 11, 'min_samples_leaf': 2, 'min_samples_split': 10, 'n_estimators': 450, 'random_state': 101}, {'max_depth': 11, 'min_samples_leaf': 2, 'min_samples_split': 10, 'n_estimators': 500, 'random_state': 101}, {'max_depth': 11, 'min_samples_leaf': 4, 'min_samples_split': 2, 'n_estimators': 300, 'random_state': 101}, {'max_depth': 11, 'min_samples_leaf': 4, 'min_samples_split': 2, 'n_estimators': 350, 'random_state': 101}, {'max_depth': 11, 'min_samples_leaf': 4, 'min_samples_split': 2, 'n_estimators': 400, 'random_state': 101}, {'max_depth': 11, 'min_samples_leaf': 4, 'min_samples_split': 2, 'n_estimators': 450, 'random_state': 101}, {'max_depth': 11, 'min_samples_leaf': 4, 'min_samples_split': 2, 'n_estimators': 500, 'random_state': 101}, {'max_depth': 11, 'min_samples_leaf': 4, 'min_samples_split': 5, 'n_estimators': 300, 'random_state': 101}, {'max_depth': 11, 'min_samples_leaf': 4, 'min_samples_split': 5, 'n_estimators': 350, 'random_state': 101}, {'max_depth': 11, 'min_samples_leaf': 4, 'min_samples_split': 5, 'n_estimators': 400, 'random_state': 101}, {'max_depth': 11, 'min_samples_leaf': 4, 'min_samples_split': 5, 'n_estimators': 450, 'random_state': 101}, {'max_depth': 11, 'min_samples_leaf': 4, 'min_samples_split': 5, 'n_estimators': 500, 'random_state': 101}, {'max_depth': 11, 'min_samples_leaf': 4, 'min_samples_split': 10, 'n_estimators': 300, 'random_state': 101}, {'max_depth': 11, 'min_samples_leaf': 4, 'min_samples_split': 10, 'n_estimators': 350, 'random_state': 101}, {'max_depth': 11, 'min_samples_leaf': 4, 'min_samples_split': 10, 'n_estimators': 400, 'random_state': 101}, {'max_depth': 11, 'min_samples_leaf': 4, 'min_samples_split': 10, 'n_estimators': 450, 'random_state': 101}, {'max_depth': 11, 'min_samples_leaf': 4, 'min_samples_split': 10, 'n_estimators': 500, 'random_state': 101}, {'max_depth': 12, 'min_samples_leaf': 1, 'min_samples_split': 2, 'n_estimators': 300, 'random_state': 101}, {'max_depth': 12, 'min_samples_leaf': 1, 'min_samples_split': 2, 'n_estimators': 350, 'random_state': 101}, {'max_depth': 12, 'min_samples_leaf': 1, 'min_samples_split': 2, 'n_estimators': 400, 'random_state': 101}, {'max_depth': 12, 'min_samples_leaf': 1, 'min_samples_split': 2, 'n_estimators': 450, 'random_state': 101}, {'max_depth': 12, 'min_samples_leaf': 1, 'min_samples_split': 2, 'n_estimators': 500, 'random_state': 101}, {'max_depth': 12, 'min_samples_leaf': 1, 'min_samples_split': 5, 'n_estimators': 300, 'random_state': 101}, {'max_depth': 12, 'min_samples_leaf': 1, 'min_samples_split': 5, 'n_estimators': 350, 'random_state': 101}, {'max_depth': 12, 'min_samples_leaf': 1, 'min_samples_split': 5, 'n_estimators': 400, 'random_state': 101}, {'max_depth': 12, 'min_samples_leaf': 1, 'min_samples_split': 5, 'n_estimators': 450, 'random_state': 101}, {'max_depth': 12, 'min_samples_leaf': 1, 'min_samples_split': 5, 'n_estimators': 500, 'random_state': 101}, {'max_depth': 12, 'min_samples_leaf': 1, 'min_samples_split': 10, 'n_estimators': 300, 'random_state': 101}, {'max_depth': 12, 'min_samples_leaf': 1, 'min_samples_split': 10, 'n_estimators': 350, 'random_state': 101}, {'max_depth': 12, 'min_samples_leaf': 1, 'min_samples_split': 10, 'n_estimators': 400, 'random_state': 101}, {'max_depth': 12, 'min_samples_leaf': 1, 'min_samples_split': 10, 'n_estimators': 450, 'random_state': 101}, {'max_depth': 12, 'min_samples_leaf': 1, 'min_samples_split': 10, 'n_estimators': 500, 'random_state': 101}, {'max_depth': 12, 'min_samples_leaf': 2, 'min_samples_split': 2, 'n_estimators': 300, 'random_state': 101}, {'max_depth': 12, 'min_samples_leaf': 2, 'min_samples_split': 2, 'n_estimators': 350, 'random_state': 101}, {'max_depth': 12, 'min_samples_leaf': 2, 'min_samples_split': 2, 'n_estimators': 400, 'random_state': 101}, {'max_depth': 12, 'min_samples_leaf': 2, 'min_samples_split': 2, 'n_estimators': 450, 'random_state': 101}, {'max_depth': 12, 'min_samples_leaf': 2, 'min_samples_split': 2, 'n_estimators': 500, 'random_state': 101}, {'max_depth': 12, 'min_samples_leaf': 2, 'min_samples_split': 5, 'n_estimators': 300, 'random_state': 101}, {'max_depth': 12, 'min_samples_leaf': 2, 'min_samples_split': 5, 'n_estimators': 350, 'random_state': 101}, {'max_depth': 12, 'min_samples_leaf': 2, 'min_samples_split': 5, 'n_estimators': 400, 'random_state': 101}, {'max_depth': 12, 'min_samples_leaf': 2, 'min_samples_split': 5, 'n_estimators': 450, 'random_state': 101}, {'max_depth': 12, 'min_samples_leaf': 2, 'min_samples_split': 5, 'n_estimators': 500, 'random_state': 101}, {'max_depth': 12, 'min_samples_leaf': 2, 'min_samples_split': 10, 'n_estimators': 300, 'random_state': 101}, {'max_depth': 12, 'min_samples_leaf': 2, 'min_samples_split': 10, 'n_estimators': 350, 'random_state': 101}, {'max_depth': 12, 'min_samples_leaf': 2, 'min_samples_split': 10, 'n_estimators': 400, 'random_state': 101}, {'max_depth': 12, 'min_samples_leaf': 2, 'min_samples_split': 10, 'n_estimators': 450, 'random_state': 101}, {'max_depth': 12, 'min_samples_leaf': 2, 'min_samples_split': 10, 'n_estimators': 500, 'random_state': 101}, {'max_depth': 12, 'min_samples_leaf': 4, 'min_samples_split': 2, 'n_estimators': 300, 'random_state': 101}, {'max_depth': 12, 'min_samples_leaf': 4, 'min_samples_split': 2, 'n_estimators': 350, 'random_state': 101}, {'max_depth': 12, 'min_samples_leaf': 4, 'min_samples_split': 2, 'n_estimators': 400, 'random_state': 101}, {'max_depth': 12, 'min_samples_leaf': 4, 'min_samples_split': 2, 'n_estimators': 450, 'random_state': 101}, {'max_depth': 12, 'min_samples_leaf': 4, 'min_samples_split': 2, 'n_estimators': 500, 'random_state': 101}, {'max_depth': 12, 'min_samples_leaf': 4, 'min_samples_split': 5, 'n_estimators': 300, 'random_state': 101}, {'max_depth': 12, 'min_samples_leaf': 4, 'min_samples_split': 5, 'n_estimators': 350, 'random_state': 101}, {'max_depth': 12, 'min_samples_leaf': 4, 'min_samples_split': 5, 'n_estimators': 400, 'random_state': 101}, {'max_depth': 12, 'min_samples_leaf': 4, 'min_samples_split': 5, 'n_estimators': 450, 'random_state': 101}, {'max_depth': 12, 'min_samples_leaf': 4, 'min_samples_split': 5, 'n_estimators': 500, 'random_state': 101}, {'max_depth': 12, 'min_samples_leaf': 4, 'min_samples_split': 10, 'n_estimators': 300, 'random_state': 101}, {'max_depth': 12, 'min_samples_leaf': 4, 'min_samples_split': 10, 'n_estimators': 350, 'random_state': 101}, {'max_depth': 12, 'min_samples_leaf': 4, 'min_samples_split': 10, 'n_estimators': 400, 'random_state': 101}, {'max_depth': 12, 'min_samples_leaf': 4, 'min_samples_split': 10, 'n_estimators': 450, 'random_state': 101}, {'max_depth': 12, 'min_samples_leaf': 4, 'min_samples_split': 10, 'n_estimators': 500, 'random_state': 101}, {'max_depth': 13, 'min_samples_leaf': 1, 'min_samples_split': 2, 'n_estimators': 300, 'random_state': 101}, {'max_depth': 13, 'min_samples_leaf': 1, 'min_samples_split': 2, 'n_estimators': 350, 'random_state': 101}, {'max_depth': 13, 'min_samples_leaf': 1, 'min_samples_split': 2, 'n_estimators': 400, 'random_state': 101}, {'max_depth': 13, 'min_samples_leaf': 1, 'min_samples_split': 2, 'n_estimators': 450, 'random_state': 101}, {'max_depth': 13, 'min_samples_leaf': 1, 'min_samples_split': 2, 'n_estimators': 500, 'random_state': 101}, {'max_depth': 13, 'min_samples_leaf': 1, 'min_samples_split': 5, 'n_estimators': 300, 'random_state': 101}, {'max_depth': 13, 'min_samples_leaf': 1, 'min_samples_split': 5, 'n_estimators': 350, 'random_state': 101}, {'max_depth': 13, 'min_samples_leaf': 1, 'min_samples_split': 5, 'n_estimators': 400, 'random_state': 101}, {'max_depth': 13, 'min_samples_leaf': 1, 'min_samples_split': 5, 'n_estimators': 450, 'random_state': 101}, {'max_depth': 13, 'min_samples_leaf': 1, 'min_samples_split': 5, 'n_estimators': 500, 'random_state': 101}, {'max_depth': 13, 'min_samples_leaf': 1, 'min_samples_split': 10, 'n_estimators': 300, 'random_state': 101}, {'max_depth': 13, 'min_samples_leaf': 1, 'min_samples_split': 10, 'n_estimators': 350, 'random_state': 101}, {'max_depth': 13, 'min_samples_leaf': 1, 'min_samples_split': 10, 'n_estimators': 400, 'random_state': 101}, {'max_depth': 13, 'min_samples_leaf': 1, 'min_samples_split': 10, 'n_estimators': 450, 'random_state': 101}, {'max_depth': 13, 'min_samples_leaf': 1, 'min_samples_split': 10, 'n_estimators': 500, 'random_state': 101}, {'max_depth': 13, 'min_samples_leaf': 2, 'min_samples_split': 2, 'n_estimators': 300, 'random_state': 101}, {'max_depth': 13, 'min_samples_leaf': 2, 'min_samples_split': 2, 'n_estimators': 350, 'random_state': 101}, {'max_depth': 13, 'min_samples_leaf': 2, 'min_samples_split': 2, 'n_estimators': 400, 'random_state': 101}, {'max_depth': 13, 'min_samples_leaf': 2, 'min_samples_split': 2, 'n_estimators': 450, 'random_state': 101}, {'max_depth': 13, 'min_samples_leaf': 2, 'min_samples_split': 2, 'n_estimators': 500, 'random_state': 101}, {'max_depth': 13, 'min_samples_leaf': 2, 'min_samples_split': 5, 'n_estimators': 300, 'random_state': 101}, {'max_depth': 13, 'min_samples_leaf': 2, 'min_samples_split': 5, 'n_estimators': 350, 'random_state': 101}, {'max_depth': 13, 'min_samples_leaf': 2, 'min_samples_split': 5, 'n_estimators': 400, 'random_state': 101}, {'max_depth': 13, 'min_samples_leaf': 2, 'min_samples_split': 5, 'n_estimators': 450, 'random_state': 101}, {'max_depth': 13, 'min_samples_leaf': 2, 'min_samples_split': 5, 'n_estimators': 500, 'random_state': 101}, {'max_depth': 13, 'min_samples_leaf': 2, 'min_samples_split': 10, 'n_estimators': 300, 'random_state': 101}, {'max_depth': 13, 'min_samples_leaf': 2, 'min_samples_split': 10, 'n_estimators': 350, 'random_state': 101}, {'max_depth': 13, 'min_samples_leaf': 2, 'min_samples_split': 10, 'n_estimators': 400, 'random_state': 101}, {'max_depth': 13, 'min_samples_leaf': 2, 'min_samples_split': 10, 'n_estimators': 450, 'random_state': 101}, {'max_depth': 13, 'min_samples_leaf': 2, 'min_samples_split': 10, 'n_estimators': 500, 'random_state': 101}, {'max_depth': 13, 'min_samples_leaf': 4, 'min_samples_split': 2, 'n_estimators': 300, 'random_state': 101}, {'max_depth': 13, 'min_samples_leaf': 4, 'min_samples_split': 2, 'n_estimators': 350, 'random_state': 101}, {'max_depth': 13, 'min_samples_leaf': 4, 'min_samples_split': 2, 'n_estimators': 400, 'random_state': 101}, {'max_depth': 13, 'min_samples_leaf': 4, 'min_samples_split': 2, 'n_estimators': 450, 'random_state': 101}, {'max_depth': 13, 'min_samples_leaf': 4, 'min_samples_split': 2, 'n_estimators': 500, 'random_state': 101}, {'max_depth': 13, 'min_samples_leaf': 4, 'min_samples_split': 5, 'n_estimators': 300, 'random_state': 101}, {'max_depth': 13, 'min_samples_leaf': 4, 'min_samples_split': 5, 'n_estimators': 350, 'random_state': 101}, {'max_depth': 13, 'min_samples_leaf': 4, 'min_samples_split': 5, 'n_estimators': 400, 'random_state': 101}, {'max_depth': 13, 'min_samples_leaf': 4, 'min_samples_split': 5, 'n_estimators': 450, 'random_state': 101}, {'max_depth': 13, 'min_samples_leaf': 4, 'min_samples_split': 5, 'n_estimators': 500, 'random_state': 101}, {'max_depth': 13, 'min_samples_leaf': 4, 'min_samples_split': 10, 'n_estimators': 300, 'random_state': 101}, {'max_depth': 13, 'min_samples_leaf': 4, 'min_samples_split': 10, 'n_estimators': 350, 'random_state': 101}, {'max_depth': 13, 'min_samples_leaf': 4, 'min_samples_split': 10, 'n_estimators': 400, 'random_state': 101}, {'max_depth': 13, 'min_samples_leaf': 4, 'min_samples_split': 10, 'n_estimators': 450, 'random_state': 101}, {'max_depth': 13, 'min_samples_leaf': 4, 'min_samples_split': 10, 'n_estimators': 500, 'random_state': 101}, {'max_depth': 14, 'min_samples_leaf': 1, 'min_samples_split': 2, 'n_estimators': 300, 'random_state': 101}, {'max_depth': 14, 'min_samples_leaf': 1, 'min_samples_split': 2, 'n_estimators': 350, 'random_state': 101}, {'max_depth': 14, 'min_samples_leaf': 1, 'min_samples_split': 2, 'n_estimators': 400, 'random_state': 101}, {'max_depth': 14, 'min_samples_leaf': 1, 'min_samples_split': 2, 'n_estimators': 450, 'random_state': 101}, {'max_depth': 14, 'min_samples_leaf': 1, 'min_samples_split': 2, 'n_estimators': 500, 'random_state': 101}, {'max_depth': 14, 'min_samples_leaf': 1, 'min_samples_split': 5, 'n_estimators': 300, 'random_state': 101}, {'max_depth': 14, 'min_samples_leaf': 1, 'min_samples_split': 5, 'n_estimators': 350, 'random_state': 101}, {'max_depth': 14, 'min_samples_leaf': 1, 'min_samples_split': 5, 'n_estimators': 400, 'random_state': 101}, {'max_depth': 14, 'min_samples_leaf': 1, 'min_samples_split': 5, 'n_estimators': 450, 'random_state': 101}, {'max_depth': 14, 'min_samples_leaf': 1, 'min_samples_split': 5, 'n_estimators': 500, 'random_state': 101}, {'max_depth': 14, 'min_samples_leaf': 1, 'min_samples_split': 10, 'n_estimators': 300, 'random_state': 101}, {'max_depth': 14, 'min_samples_leaf': 1, 'min_samples_split': 10, 'n_estimators': 350, 'random_state': 101}, {'max_depth': 14, 'min_samples_leaf': 1, 'min_samples_split': 10, 'n_estimators': 400, 'random_state': 101}, {'max_depth': 14, 'min_samples_leaf': 1, 'min_samples_split': 10, 'n_estimators': 450, 'random_state': 101}, {'max_depth': 14, 'min_samples_leaf': 1, 'min_samples_split': 10, 'n_estimators': 500, 'random_state': 101}, {'max_depth': 14, 'min_samples_leaf': 2, 'min_samples_split': 2, 'n_estimators': 300, 'random_state': 101}, {'max_depth': 14, 'min_samples_leaf': 2, 'min_samples_split': 2, 'n_estimators': 350, 'random_state': 101}, {'max_depth': 14, 'min_samples_leaf': 2, 'min_samples_split': 2, 'n_estimators': 400, 'random_state': 101}, {'max_depth': 14, 'min_samples_leaf': 2, 'min_samples_split': 2, 'n_estimators': 450, 'random_state': 101}, {'max_depth': 14, 'min_samples_leaf': 2, 'min_samples_split': 2, 'n_estimators': 500, 'random_state': 101}, {'max_depth': 14, 'min_samples_leaf': 2, 'min_samples_split': 5, 'n_estimators': 300, 'random_state': 101}, {'max_depth': 14, 'min_samples_leaf': 2, 'min_samples_split': 5, 'n_estimators': 350, 'random_state': 101}, {'max_depth': 14, 'min_samples_leaf': 2, 'min_samples_split': 5, 'n_estimators': 400, 'random_state': 101}, {'max_depth': 14, 'min_samples_leaf': 2, 'min_samples_split': 5, 'n_estimators': 450, 'random_state': 101}, {'max_depth': 14, 'min_samples_leaf': 2, 'min_samples_split': 5, 'n_estimators': 500, 'random_state': 101}, {'max_depth': 14, 'min_samples_leaf': 2, 'min_samples_split': 10, 'n_estimators': 300, 'random_state': 101}, {'max_depth': 14, 'min_samples_leaf': 2, 'min_samples_split': 10, 'n_estimators': 350, 'random_state': 101}, {'max_depth': 14, 'min_samples_leaf': 2, 'min_samples_split': 10, 'n_estimators': 400, 'random_state': 101}, {'max_depth': 14, 'min_samples_leaf': 2, 'min_samples_split': 10, 'n_estimators': 450, 'random_state': 101}, {'max_depth': 14, 'min_samples_leaf': 2, 'min_samples_split': 10, 'n_estimators': 500, 'random_state': 101}, {'max_depth': 14, 'min_samples_leaf': 4, 'min_samples_split': 2, 'n_estimators': 300, 'random_state': 101}, {'max_depth': 14, 'min_samples_leaf': 4, 'min_samples_split': 2, 'n_estimators': 350, 'random_state': 101}, {'max_depth': 14, 'min_samples_leaf': 4, 'min_samples_split': 2, 'n_estimators': 400, 'random_state': 101}, {'max_depth': 14, 'min_samples_leaf': 4, 'min_samples_split': 2, 'n_estimators': 450, 'random_state': 101}, {'max_depth': 14, 'min_samples_leaf': 4, 'min_samples_split': 2, 'n_estimators': 500, 'random_state': 101}, {'max_depth': 14, 'min_samples_leaf': 4, 'min_samples_split': 5, 'n_estimators': 300, 'random_state': 101}, {'max_depth': 14, 'min_samples_leaf': 4, 'min_samples_split': 5, 'n_estimators': 350, 'random_state': 101}, {'max_depth': 14, 'min_samples_leaf': 4, 'min_samples_split': 5, 'n_estimators': 400, 'random_state': 101}, {'max_depth': 14, 'min_samples_leaf': 4, 'min_samples_split': 5, 'n_estimators': 450, 'random_state': 101}, {'max_depth': 14, 'min_samples_leaf': 4, 'min_samples_split': 5, 'n_estimators': 500, 'random_state': 101}, {'max_depth': 14, 'min_samples_leaf': 4, 'min_samples_split': 10, 'n_estimators': 300, 'random_state': 101}, {'max_depth': 14, 'min_samples_leaf': 4, 'min_samples_split': 10, 'n_estimators': 350, 'random_state': 101}, {'max_depth': 14, 'min_samples_leaf': 4, 'min_samples_split': 10, 'n_estimators': 400, 'random_state': 101}, {'max_depth': 14, 'min_samples_leaf': 4, 'min_samples_split': 10, 'n_estimators': 450, 'random_state': 101}, {'max_depth': 14, 'min_samples_leaf': 4, 'min_samples_split': 10, 'n_estimators': 500, 'random_state': 101}, {'max_depth': 15, 'min_samples_leaf': 1, 'min_samples_split': 2, 'n_estimators': 300, 'random_state': 101}, {'max_depth': 15, 'min_samples_leaf': 1, 'min_samples_split': 2, 'n_estimators': 350, 'random_state': 101}, {'max_depth': 15, 'min_samples_leaf': 1, 'min_samples_split': 2, 'n_estimators': 400, 'random_state': 101}, {'max_depth': 15, 'min_samples_leaf': 1, 'min_samples_split': 2, 'n_estimators': 450, 'random_state': 101}, {'max_depth': 15, 'min_samples_leaf': 1, 'min_samples_split': 2, 'n_estimators': 500, 'random_state': 101}, {'max_depth': 15, 'min_samples_leaf': 1, 'min_samples_split': 5, 'n_estimators': 300, 'random_state': 101}, {'max_depth': 15, 'min_samples_leaf': 1, 'min_samples_split': 5, 'n_estimators': 350, 'random_state': 101}, {'max_depth': 15, 'min_samples_leaf': 1, 'min_samples_split': 5, 'n_estimators': 400, 'random_state': 101}, {'max_depth': 15, 'min_samples_leaf': 1, 'min_samples_split': 5, 'n_estimators': 450, 'random_state': 101}, {'max_depth': 15, 'min_samples_leaf': 1, 'min_samples_split': 5, 'n_estimators': 500, 'random_state': 101}, {'max_depth': 15, 'min_samples_leaf': 1, 'min_samples_split': 10, 'n_estimators': 300, 'random_state': 101}, {'max_depth': 15, 'min_samples_leaf': 1, 'min_samples_split': 10, 'n_estimators': 350, 'random_state': 101}, {'max_depth': 15, 'min_samples_leaf': 1, 'min_samples_split': 10, 'n_estimators': 400, 'random_state': 101}, {'max_depth': 15, 'min_samples_leaf': 1, 'min_samples_split': 10, 'n_estimators': 450, 'random_state': 101}, {'max_depth': 15, 'min_samples_leaf': 1, 'min_samples_split': 10, 'n_estimators': 500, 'random_state': 101}, {'max_depth': 15, 'min_samples_leaf': 2, 'min_samples_split': 2, 'n_estimators': 300, 'random_state': 101}, {'max_depth': 15, 'min_samples_leaf': 2, 'min_samples_split': 2, 'n_estimators': 350, 'random_state': 101}, {'max_depth': 15, 'min_samples_leaf': 2, 'min_samples_split': 2, 'n_estimators': 400, 'random_state': 101}, {'max_depth': 15, 'min_samples_leaf': 2, 'min_samples_split': 2, 'n_estimators': 450, 'random_state': 101}, {'max_depth': 15, 'min_samples_leaf': 2, 'min_samples_split': 2, 'n_estimators': 500, 'random_state': 101}, {'max_depth': 15, 'min_samples_leaf': 2, 'min_samples_split': 5, 'n_estimators': 300, 'random_state': 101}, {'max_depth': 15, 'min_samples_leaf': 2, 'min_samples_split': 5, 'n_estimators': 350, 'random_state': 101}, {'max_depth': 15, 'min_samples_leaf': 2, 'min_samples_split': 5, 'n_estimators': 400, 'random_state': 101}, {'max_depth': 15, 'min_samples_leaf': 2, 'min_samples_split': 5, 'n_estimators': 450, 'random_state': 101}, {'max_depth': 15, 'min_samples_leaf': 2, 'min_samples_split': 5, 'n_estimators': 500, 'random_state': 101}, {'max_depth': 15, 'min_samples_leaf': 2, 'min_samples_split': 10, 'n_estimators': 300, 'random_state': 101}, {'max_depth': 15, 'min_samples_leaf': 2, 'min_samples_split': 10, 'n_estimators': 350, 'random_state': 101}, {'max_depth': 15, 'min_samples_leaf': 2, 'min_samples_split': 10, 'n_estimators': 400, 'random_state': 101}, {'max_depth': 15, 'min_samples_leaf': 2, 'min_samples_split': 10, 'n_estimators': 450, 'random_state': 101}, {'max_depth': 15, 'min_samples_leaf': 2, 'min_samples_split': 10, 'n_estimators': 500, 'random_state': 101}, {'max_depth': 15, 'min_samples_leaf': 4, 'min_samples_split': 2, 'n_estimators': 300, 'random_state': 101}, {'max_depth': 15, 'min_samples_leaf': 4, 'min_samples_split': 2, 'n_estimators': 350, 'random_state': 101}, {'max_depth': 15, 'min_samples_leaf': 4, 'min_samples_split': 2, 'n_estimators': 400, 'random_state': 101}, {'max_depth': 15, 'min_samples_leaf': 4, 'min_samples_split': 2, 'n_estimators': 450, 'random_state': 101}, {'max_depth': 15, 'min_samples_leaf': 4, 'min_samples_split': 2, 'n_estimators': 500, 'random_state': 101}, {'max_depth': 15, 'min_samples_leaf': 4, 'min_samples_split': 5, 'n_estimators': 300, 'random_state': 101}, {'max_depth': 15, 'min_samples_leaf': 4, 'min_samples_split': 5, 'n_estimators': 350, 'random_state': 101}, {'max_depth': 15, 'min_samples_leaf': 4, 'min_samples_split': 5, 'n_estimators': 400, 'random_state': 101}, {'max_depth': 15, 'min_samples_leaf': 4, 'min_samples_split': 5, 'n_estimators': 450, 'random_state': 101}, {'max_depth': 15, 'min_samples_leaf': 4, 'min_samples_split': 5, 'n_estimators': 500, 'random_state': 101}, {'max_depth': 15, 'min_samples_leaf': 4, 'min_samples_split': 10, 'n_estimators': 300, 'random_state': 101}, {'max_depth': 15, 'min_samples_leaf': 4, 'min_samples_split': 10, 'n_estimators': 350, 'random_state': 101}, {'max_depth': 15, 'min_samples_leaf': 4, 'min_samples_split': 10, 'n_estimators': 400, 'random_state': 101}, {'max_depth': 15, 'min_samples_leaf': 4, 'min_samples_split': 10, 'n_estimators': 450, 'random_state': 101}, {'max_depth': 15, 'min_samples_leaf': 4, 'min_samples_split': 10, 'n_estimators': 500, 'random_state': 101}], 'split0_test_score': array([0.70487282, 0.70528251, 0.7043794 , 0.70469799, 0.7039972 ,
       0.70350546, 0.70427163, 0.70526039, 0.70513664, 0.70516477,
       0.70552552, 0.70537323, 0.70548638, 0.70627063, 0.7065671 ,
       0.70457844, 0.70473047, 0.70530573, 0.70499011, 0.70482643,
       0.70540149, 0.70530573, 0.70401228, 0.70335453, 0.70398457,
       0.70413863, 0.70429943, 0.7044666 , 0.70438292, 0.70451856,
       0.7039972 , 0.70500765, 0.70403744, 0.70433945, 0.70453053,
       0.7039972 , 0.70500765, 0.70403744, 0.70433945, 0.70453053,
       0.70563189, 0.70492881, 0.70436725, 0.70413578, 0.70457436,
       0.70499011, 0.70361722, 0.70380973, 0.70382264, 0.70386323,
       0.70519875, 0.70536225, 0.70513103, 0.70570637, 0.70566736,
       0.70478665, 0.70506324, 0.70545806, 0.70521582, 0.7048429 ,
       0.7058097 , 0.70481477, 0.70530573, 0.70558219, 0.70585905,
       0.70609761, 0.70559986, 0.70612623, 0.70632789, 0.70587717,
       0.70618489, 0.70668192, 0.70570637, 0.70624203, 0.70547553,
       0.70523294, 0.70458254, 0.70571366, 0.70489924, 0.70546465,
       0.70523294, 0.70458254, 0.70571366, 0.70489924, 0.70546465,
       0.70651934, 0.70655774, 0.7055391 , 0.70541436, 0.70563536,
       0.70402995, 0.70518754, 0.70425017, 0.70368576, 0.70383751,
       0.70534021, 0.70553229, 0.70488763, 0.70495565, 0.70439003,
       0.70671144, 0.70596284, 0.70664427, 0.70558913, 0.70552147,
       0.70488763, 0.70571366, 0.70531807, 0.70549976, 0.70647119,
       0.70510263, 0.70543185, 0.70551063, 0.70506872, 0.70551063,
       0.70667315, 0.70668257, 0.70661541, 0.70595254, 0.70589534,
       0.70594221, 0.7066348 , 0.70639393, 0.70680861, 0.70737767,
       0.70594221, 0.7066348 , 0.70639393, 0.70680861, 0.70737767,
       0.7066253 , 0.70783732, 0.70732787, 0.7068851 , 0.70763707,
       0.70272178, 0.70200573, 0.70177369, 0.70086673, 0.701646  ,
       0.70222614, 0.70284658, 0.70269557, 0.70365805, 0.70425017,
       0.70382858, 0.70302467, 0.70331519, 0.70312154, 0.70341196,
       0.70303886, 0.70418191, 0.70338348, 0.70505184, 0.70451436,
       0.70247203, 0.7028867 , 0.70371516, 0.70426897, 0.7037987 ,
       0.70535279, 0.70580679, 0.70552826, 0.70605698, 0.7053354 ,
       0.70457876, 0.70456259, 0.70435322, 0.70532429, 0.70517081,
       0.70457876, 0.70456259, 0.70435322, 0.70532429, 0.70517081,
       0.70388457, 0.70477248, 0.70440948, 0.70576761, 0.70522769,
       0.70138245, 0.70142536, 0.70051612, 0.70048948, 0.6997046 ,
       0.70070314, 0.69978373, 0.69981015, 0.7008271 , 0.70104826,
       0.70183222, 0.70306607, 0.70281659, 0.70313539, 0.70260931,
       0.70110211, 0.69996007, 0.70017277, 0.70143167, 0.70115604,
       0.70231816, 0.70105879, 0.70159463, 0.70122087, 0.70113974,
       0.70217864, 0.70324609, 0.70330157, 0.70332934, 0.70342627,
       0.70023639, 0.70141083, 0.70234337, 0.70267623, 0.70273273,
       0.70023639, 0.70141083, 0.70234337, 0.70267623, 0.70273273,
       0.70519382, 0.70445362, 0.70431275, 0.70427222, 0.7039535 ,
       0.69343867, 0.69441397, 0.69441392, 0.69426695, 0.69524607,
       0.69879839, 0.69879145, 0.69923414, 0.69919673, 0.69928676,
       0.69947151, 0.69999555, 0.69951635, 0.69914409, 0.69969356,
       0.69881233, 0.6991704 , 0.69916286, 0.69939222, 0.69963224,
       0.6994611 , 0.7002271 , 0.70047664, 0.7003692 , 0.69987109,
       0.70214848, 0.70187136, 0.70278803, 0.70305211, 0.70253812,
       0.69985313, 0.70077691, 0.70128599, 0.70161757, 0.70127505,
       0.69985313, 0.70077691, 0.70128599, 0.70161757, 0.70127505,
       0.70239843, 0.70244076, 0.70313542, 0.70367735, 0.70369216]), 'split1_test_score': array([0.7084985 , 0.70835326, 0.70742624, 0.7077874 , 0.70786077,
       0.7082227 , 0.70782412, 0.70847649, 0.70832428, 0.70907036,
       0.70883315, 0.7087163 , 0.7088398 , 0.70995331, 0.70948746,
       0.70879479, 0.70962267, 0.70990474, 0.70950498, 0.709411  ,
       0.70865799, 0.70896335, 0.70775062, 0.70737237, 0.70771377,
       0.70856372, 0.70825904, 0.70936969, 0.70881726, 0.70899909,
       0.70797801, 0.70717778, 0.70815823, 0.70735721, 0.70814332,
       0.70797801, 0.70717778, 0.70815823, 0.70735721, 0.70814332,
       0.70906401, 0.70869395, 0.707701  , 0.70789736, 0.70761479,
       0.708777  , 0.70956446, 0.70944024, 0.70930997, 0.70971839,
       0.70773148, 0.70771052, 0.70837529, 0.70777656, 0.70839728,
       0.7088747 , 0.70715072, 0.70819225, 0.70682589, 0.70789044,
       0.70879965, 0.70935701, 0.70923232, 0.70992668, 0.71011117,
       0.70761162, 0.7073246 , 0.7069505 , 0.70764895, 0.7084931 ,
       0.70699741, 0.70713062, 0.70678673, 0.7064716 , 0.70643331,
       0.70802472, 0.70919193, 0.70763989, 0.70773464, 0.70769769,
       0.70802472, 0.70919193, 0.70763989, 0.70773464, 0.70769769,
       0.70787157, 0.70828778, 0.70696676, 0.70635721, 0.70660522,
       0.70862657, 0.70888427, 0.70856738, 0.70799982, 0.7075576 ,
       0.70741182, 0.70722014, 0.70789044, 0.70782401, 0.70850829,
       0.70966742, 0.70972179, 0.70921829, 0.7103922 , 0.70993825,
       0.70867705, 0.70831675, 0.70916493, 0.70954173, 0.7095118 ,
       0.70913515, 0.70932035, 0.70997916, 0.70871549, 0.70850829,
       0.70862657, 0.70818395, 0.70878854, 0.70906918, 0.70935634,
       0.70841254, 0.70898653, 0.70839034, 0.70876573, 0.7081403 ,
       0.70841254, 0.70898653, 0.70839034, 0.70876573, 0.7081403 ,
       0.70671144, 0.7075284 , 0.7071911 , 0.70683636, 0.70774944,
       0.70441806, 0.70521582, 0.70578119, 0.70504042, 0.70563536,
       0.70562464, 0.70506872, 0.70530079, 0.70548218, 0.70463874,
       0.70907311, 0.70933179, 0.70816879, 0.7083463 , 0.70850202,
       0.70782932, 0.70777064, 0.70844205, 0.7081469 , 0.70849395,
       0.70775445, 0.70819832, 0.70735704, 0.70858283, 0.7082354 ,
       0.70837596, 0.70955408, 0.70886413, 0.70912876, 0.70893039,
       0.70817638, 0.70893704, 0.70800586, 0.70892373, 0.70813163,
       0.70817638, 0.70893704, 0.70800586, 0.70892373, 0.70813163,
       0.70773817, 0.70866492, 0.70870164, 0.70825745, 0.70850922,
       0.70091395, 0.70103776, 0.70199055, 0.7017312 , 0.70261222,
       0.7015605 , 0.70196338, 0.70181241, 0.70223851, 0.70201775,
       0.70446583, 0.70486928, 0.70461907, 0.70427222, 0.70571771,
       0.70285916, 0.70424092, 0.70472772, 0.7037987 , 0.70372992,
       0.70576761, 0.70469947, 0.70435322, 0.70469947, 0.70331519,
       0.7055815 , 0.70559232, 0.70529581, 0.70589279, 0.70530199,
       0.70774632, 0.70793114, 0.70827957, 0.70813163, 0.70681788,
       0.70774632, 0.70793114, 0.70827957, 0.70813163, 0.70681788,
       0.70785869, 0.70701032, 0.70830194, 0.70822093, 0.70761606,
       0.69613529, 0.69650201, 0.69497814, 0.69684639, 0.69569061,
       0.70044578, 0.70143646, 0.69936863, 0.69772056, 0.69838191,
       0.70063272, 0.7025123 , 0.70205403, 0.70148592, 0.70139969,
       0.70027019, 0.70055249, 0.70128029, 0.70118853, 0.70081696,
       0.70270629, 0.70324575, 0.70396394, 0.70280415, 0.70325976,
       0.70262378, 0.70325976, 0.70269314, 0.7037857 , 0.70334293,
       0.70694488, 0.70628749, 0.70599742, 0.70625861, 0.70580387,
       0.70694488, 0.70628749, 0.70599742, 0.70625861, 0.70580387,
       0.70356556, 0.70211165, 0.70345409, 0.7040504 , 0.70341277]), 'split2_test_score': array([0.710466  , 0.70995009, 0.71107009, 0.71136476, 0.7121328 ,
       0.71118277, 0.71194799, 0.71255551, 0.7121409 , 0.71290771,
       0.7119362 , 0.71164843, 0.71103911, 0.71100814, 0.710466  ,
       0.71380259, 0.71322303, 0.71200468, 0.71171738, 0.71146156,
       0.71126792, 0.7112098 , 0.71085796, 0.71124074, 0.71082282,
       0.71019037, 0.71040947, 0.71029208, 0.71075679, 0.71117105,
       0.71227364, 0.71102457, 0.71124838, 0.71172383, 0.71182034,
       0.71227364, 0.71102457, 0.71124838, 0.71172383, 0.71182034,
       0.71161723, 0.7119362 , 0.71146156, 0.71126792, 0.71165506,
       0.71205043, 0.7116317 , 0.71122149, 0.71099154, 0.71095201,
       0.71127622, 0.71121373, 0.71218497, 0.71144008, 0.71121762,
       0.71146065, 0.71090802, 0.71123335, 0.71093928, 0.71084118,
       0.7115969 , 0.71149566, 0.71178583, 0.71156203, 0.71120983,
       0.71224295, 0.71256969, 0.71182367, 0.71208761, 0.71208482,
       0.70952532, 0.70972706, 0.71039615, 0.7113388 , 0.71091659,
       0.71196462, 0.71161049, 0.71096885, 0.71071252, 0.71031836,
       0.71196462, 0.71161049, 0.71096885, 0.71071252, 0.71031836,
       0.71354425, 0.71286727, 0.7127741 , 0.71206454, 0.71238679,
       0.7117325 , 0.71115924, 0.71135739, 0.71029763, 0.70990853,
       0.71102266, 0.71147852, 0.71102266, 0.71244519, 0.71128384,
       0.71198146, 0.71178583, 0.71194688, 0.71259932, 0.71272876,
       0.71172926, 0.71153061, 0.71149921, 0.71095201, 0.71098318,
       0.71090802, 0.7113388 , 0.71088543, 0.7112724 , 0.71201598,
       0.7116317 , 0.71237716, 0.71157581, 0.71282819, 0.71334693,
       0.71155857, 0.71263115, 0.71240644, 0.71253573, 0.71259932,
       0.71155857, 0.71263115, 0.71240644, 0.71253573, 0.71259932,
       0.71250397, 0.71195282, 0.71246993, 0.71153759, 0.71215072,
       0.70965989, 0.71001495, 0.71014886, 0.71008726, 0.70972706,
       0.71004577, 0.7105394 , 0.7100565 , 0.71092938, 0.71054414,
       0.71070272, 0.71131998, 0.71142193, 0.71230132, 0.71217158,
       0.71223513, 0.71201019, 0.712206  , 0.71204474, 0.71155857,
       0.70921178, 0.70896708, 0.70821787, 0.70961739, 0.71030325,
       0.71026212, 0.71032414, 0.70996773, 0.71094353, 0.71029312,
       0.71175106, 0.71249943, 0.71234058, 0.71259717, 0.71295412,
       0.71175106, 0.71249943, 0.71234058, 0.71259717, 0.71295412,
       0.71200438, 0.71262269, 0.71246298, 0.71285095, 0.71239201,
       0.70477946, 0.70382352, 0.70501594, 0.70439941, 0.70416198,
       0.70314978, 0.70341946, 0.7039703 , 0.70532844, 0.70553672,
       0.70858238, 0.70833144, 0.70858966, 0.70998769, 0.70929755,
       0.70698351, 0.70701332, 0.70793046, 0.70751508, 0.70851305,
       0.70801292, 0.70720167, 0.7068051 , 0.70758352, 0.70793046,
       0.70949491, 0.71111924, 0.71053233, 0.71013764, 0.71046496,
       0.70988359, 0.71085495, 0.7103401 , 0.71056836, 0.71050591,
       0.70988359, 0.71085495, 0.7103401 , 0.71056836, 0.71050591,
       0.71307301, 0.71156581, 0.71107956, 0.71010115, 0.71003887,
       0.69862338, 0.70032793, 0.70013032, 0.6995552 , 0.69988751,
       0.70113796, 0.69973227, 0.70044033, 0.70028583, 0.69983213,
       0.70447204, 0.70489108, 0.70575635, 0.70582608, 0.70542918,
       0.70276759, 0.70290874, 0.70177429, 0.70160302, 0.70161912,
       0.70202274, 0.70269408, 0.70327817, 0.70211316, 0.70347648,
       0.70603279, 0.7045631 , 0.70558723, 0.70534776, 0.70581528,
       0.70788981, 0.70865961, 0.70875166, 0.70916153, 0.70965533,
       0.70788981, 0.70865961, 0.70875166, 0.70916153, 0.70965533,
       0.70924747, 0.70852244, 0.70812497, 0.70862172, 0.7085372 ]), 'split3_test_score': array([0.70448549, 0.70426561, 0.70448549, 0.70474974, 0.70421294,
       0.70290555, 0.70346795, 0.70367286, 0.703125  , 0.70385155,
       0.70267182, 0.70230148, 0.70293291, 0.70263158, 0.70243945,
       0.70242488, 0.70219298, 0.70285088, 0.70304279, 0.70349552,
       0.70433368, 0.70403056, 0.70420988, 0.70386643, 0.70489713,
       0.70232865, 0.70234334, 0.70144991, 0.70210896, 0.70263019,
       0.70305619, 0.7030287 , 0.7023705 , 0.70241228, 0.70300123,
       0.70305619, 0.7030287 , 0.7023705 , 0.70241228, 0.70300123,
       0.70330396, 0.70340028, 0.7030287 , 0.70297378, 0.70345557,
       0.70259993, 0.70295936, 0.70330447, 0.70326318, 0.70344219,
       0.70253053, 0.70396713, 0.70377409, 0.70306987, 0.70309742,
       0.70315267, 0.7028068 , 0.70297293, 0.70262739, 0.70293128,
       0.70449707, 0.70430346, 0.70466229, 0.70380195, 0.70352649,
       0.70455352, 0.70319412, 0.70324951, 0.70330498, 0.70300053,
       0.70496894, 0.70515098, 0.70542361, 0.70452529, 0.70527625,
       0.70304209, 0.70377409, 0.70295936, 0.70298692, 0.70269673,
       0.70304209, 0.70377409, 0.70295936, 0.70298692, 0.70269673,
       0.70334632, 0.70413494, 0.70427207, 0.70374624, 0.70346989,
       0.70359815, 0.7037218 , 0.7035835 , 0.70434744, 0.70365268,
       0.704695  , 0.70558421, 0.70500267, 0.70454545, 0.70408436,
       0.70475895, 0.70433162, 0.70538407, 0.70585626, 0.70542361,
       0.70485368, 0.7032781 , 0.70347284, 0.70375156, 0.703125  ,
       0.70413781, 0.70515098, 0.70422222, 0.7037218 , 0.70345839,
       0.70544775, 0.70422222, 0.70446047, 0.70471144, 0.70436331,
       0.70563079, 0.70480855, 0.70544775, 0.70627004, 0.70596085,
       0.70563079, 0.70480855, 0.70544775, 0.70627004, 0.70596085,
       0.70565954, 0.7062021 , 0.70574907, 0.70492895, 0.70502575,
       0.70269306, 0.70340422, 0.70382279, 0.70482519, 0.70451711,
       0.70529979, 0.70560207, 0.70452109, 0.70412803, 0.70435093,
       0.70682265, 0.70733667, 0.7070459 , 0.70650232, 0.70669643,
       0.70536354, 0.70515114, 0.70372521, 0.70338983, 0.70371031,
       0.70493274, 0.7058296 , 0.70604543, 0.70659971, 0.70672646,
       0.70630808, 0.70753449, 0.70764001, 0.70748391, 0.70698925,
       0.70705714, 0.70813912, 0.70728103, 0.70761045, 0.70782593,
       0.70705714, 0.70813912, 0.70728103, 0.70761045, 0.70782593,
       0.70691203, 0.70688263, 0.70621975, 0.70619065, 0.70695987,
       0.70045609, 0.70083214, 0.70119771, 0.70098478, 0.70172691,
       0.70364387, 0.70306892, 0.70386825, 0.70367211, 0.703125  ,
       0.70555456, 0.70472053, 0.70554759, 0.70534111, 0.70570301,
       0.70213147, 0.7021191 , 0.70262169, 0.7023703 , 0.70284538,
       0.7047944 , 0.70462713, 0.70388132, 0.70344766, 0.7041906 ,
       0.70655104, 0.70691203, 0.70759369, 0.70668761, 0.70739045,
       0.70698008, 0.70745827, 0.70742867, 0.70769093, 0.70787727,
       0.70698008, 0.70745827, 0.70742867, 0.70769093, 0.70787727,
       0.70700951, 0.70719547, 0.70781782, 0.70756408, 0.70745827,
       0.69566979, 0.69506726, 0.69574201, 0.69586703, 0.69651853,
       0.70017105, 0.70091776, 0.70200251, 0.70183321, 0.70101655,
       0.70399964, 0.70383086, 0.70419675, 0.70398662, 0.70466462,
       0.70092609, 0.70094305, 0.70132984, 0.70264397, 0.7017385 ,
       0.70174649, 0.70257611, 0.70128528, 0.70134017, 0.70231032,
       0.70394027, 0.7040385 , 0.70452912, 0.70381364, 0.70441865,
       0.70516868, 0.705082  , 0.70525555, 0.70475847, 0.705412  ,
       0.70516868, 0.705082  , 0.70525555, 0.70475847, 0.705412  ,
       0.70699118, 0.70643359, 0.70650216, 0.70728734, 0.70700235]), 'split4_test_score': array([0.70226678, 0.70129927, 0.70175057, 0.70187282, 0.70240376,
       0.70164681, 0.70116605, 0.70224719, 0.70153509, 0.70111267,
       0.7043058 , 0.70365982, 0.70335788, 0.70357706, 0.70264587,
       0.70183888, 0.70254995, 0.70244137, 0.70227671, 0.70276902,
       0.70219559, 0.70200385, 0.7023872 , 0.70255156, 0.70180038,
       0.70129927, 0.70124608, 0.70135253, 0.70144826, 0.70135253,
       0.70239972, 0.7018658 , 0.70130496, 0.70134757, 0.70148601,
       0.70239972, 0.7018658 , 0.70130496, 0.70134757, 0.70148601,
       0.70212673, 0.70235799, 0.70159314, 0.70185412, 0.70144357,
       0.70366284, 0.70384276, 0.70308358, 0.7022571 , 0.70264317,
       0.70521924, 0.7041785 , 0.70485557, 0.70512821, 0.70499203,
       0.703125  , 0.70409429, 0.70322181, 0.70356763, 0.7039823 ,
       0.7033592 , 0.70290431, 0.70287681, 0.70290431, 0.70322154,
       0.70431248, 0.70370534, 0.70439667, 0.70499203, 0.70417551,
       0.70475895, 0.70530973, 0.70485557, 0.7044529 , 0.70461783,
       0.70374624, 0.70335986, 0.70384276, 0.7036087 , 0.70366437,
       0.70374624, 0.70335986, 0.70384276, 0.7036087 , 0.70366437,
       0.70302816, 0.70349867, 0.70313882, 0.702766  , 0.70373319,
       0.70288956, 0.70301418, 0.70252884, 0.70215502, 0.7019759 ,
       0.70390292, 0.70341615, 0.70313885, 0.70294483, 0.70330549,
       0.70226465, 0.70254177, 0.70219478, 0.7030556 , 0.70261148,
       0.70286195, 0.70382982, 0.70229447, 0.70288956, 0.70252884,
       0.7030694 , 0.70311111, 0.70273632, 0.70263906, 0.70298653,
       0.70338908, 0.70158278, 0.70150576, 0.70111682, 0.70148989,
       0.70326357, 0.7038598 , 0.70308347, 0.7035822 , 0.7036659 ,
       0.70326357, 0.7038598 , 0.70308347, 0.7035822 , 0.7036659 ,
       0.70494574, 0.70308335, 0.70395671, 0.70341615, 0.70395671,
       0.70038134, 0.70104647, 0.70072734, 0.70067364, 0.70157578,
       0.70227717, 0.70087859, 0.70034673, 0.70023148, 0.70158278,
       0.70081163, 0.70162153, 0.70049813, 0.70067664, 0.70074746,
       0.70251595, 0.70194863, 0.70183608, 0.70103001, 0.70103001,
       0.70240007, 0.70313893, 0.70256776, 0.70251247, 0.70185976,
       0.70298534, 0.70228735, 0.70140996, 0.70079478, 0.70079478,
       0.70273521, 0.70230234, 0.70207924, 0.70238732, 0.70277629,
       0.70273521, 0.70230234, 0.70207924, 0.70238732, 0.70277629,
       0.70179332, 0.70222222, 0.70233221, 0.70255474, 0.70293017,
       0.7007036 , 0.70166459, 0.70196935, 0.70199679, 0.70127383,
       0.70119238, 0.70032936, 0.6997949 , 0.69952695, 0.69950036,
       0.69991095, 0.69980437, 0.7008452 , 0.70041949, 0.70066964,
       0.69951068, 0.7000089 , 0.6992431 , 0.6988697 , 0.69901316,
       0.70085546, 0.70212197, 0.70180132, 0.70166042, 0.70198144,
       0.70137157, 0.70053476, 0.70082843, 0.70039258, 0.70084897,
       0.70054455, 0.70041949, 0.70039258, 0.7008761 , 0.70036568,
       0.70054455, 0.70041949, 0.70039258, 0.7008761 , 0.70036568,
       0.703125  , 0.70260854, 0.70238521, 0.70249597, 0.70149187,
       0.69735906, 0.69795374, 0.69713676, 0.69688889, 0.69617161,
       0.69827433, 0.69875776, 0.6981442 , 0.69775191, 0.69837247,
       0.70089286, 0.70100143, 0.70096377, 0.70028638, 0.6995618 ,
       0.7       , 0.70024077, 0.70036568, 0.70086576, 0.70051758,
       0.69830041, 0.69936765, 0.69978632, 0.69967011, 0.69917142,
       0.70067664, 0.7004368 , 0.7003388 , 0.69942068, 0.69912609,
       0.70260706, 0.70241287, 0.7029991 , 0.70175439, 0.70179372,
       0.70260706, 0.70241287, 0.7029991 , 0.70175439, 0.70179372,
       0.70089686, 0.70151461, 0.70190758, 0.7021191 , 0.70190758]), 'mean_test_score': array([0.70611792, 0.70583015, 0.70582236, 0.70609454, 0.70612149,
       0.70549266, 0.70573555, 0.70644249, 0.70605238, 0.70642141,
       0.7066545 , 0.70633985, 0.70633122, 0.70668814, 0.70632118,
       0.70628792, 0.70646382, 0.70650148, 0.70630639, 0.70639271,
       0.70637133, 0.70630266, 0.70584359, 0.70567713, 0.70584374,
       0.70530413, 0.70531147, 0.70538616, 0.70550284, 0.70573428,
       0.70594095, 0.7056209 , 0.7054239 , 0.70543607, 0.70579629,
       0.70594095, 0.7056209 , 0.7054239 , 0.70543607, 0.70579629,
       0.70634876, 0.70626345, 0.70563033, 0.70562579, 0.70574867,
       0.70641606, 0.7063231 , 0.7061719 , 0.70592888, 0.7061238 ,
       0.70639124, 0.70648642, 0.70686419, 0.70662422, 0.70667434,
       0.70627993, 0.70600461, 0.70621568, 0.7058352 , 0.70609762,
       0.7068125 , 0.70657504, 0.7067726 , 0.70675543, 0.70678562,
       0.70696364, 0.70647872, 0.70650932, 0.70687229, 0.70672623,
       0.7064871 , 0.70680006, 0.70663369, 0.70660612, 0.7065439 ,
       0.70640212, 0.70650378, 0.7062249 , 0.7059884 , 0.70596836,
       0.70640212, 0.70650378, 0.7062249 , 0.7059884 , 0.70596836,
       0.70686193, 0.70706928, 0.70653817, 0.70606967, 0.70636609,
       0.70617534, 0.70639341, 0.70605745, 0.70569713, 0.70538644,
       0.70647452, 0.70664626, 0.70638845, 0.70654303, 0.7063144 ,
       0.70707679, 0.70686877, 0.70707766, 0.7074985 , 0.70724471,
       0.70660191, 0.70653379, 0.7063499 , 0.70652692, 0.706524  ,
       0.7064706 , 0.70687062, 0.70666675, 0.70628349, 0.70649596,
       0.70715365, 0.70660974, 0.7065892 , 0.70673563, 0.70689036,
       0.70696154, 0.70738417, 0.70714439, 0.70759246, 0.70754881,
       0.70696154, 0.70738417, 0.70714439, 0.70759246, 0.70754881,
       0.7072892 , 0.7073208 , 0.70733893, 0.70672083, 0.70730394,
       0.70397483, 0.70433744, 0.70445077, 0.70429865, 0.70462026,
       0.7050947 , 0.70498707, 0.70458413, 0.70488582, 0.70507335,
       0.70624774, 0.70652693, 0.70608999, 0.70618962, 0.70630589,
       0.70619656, 0.7062125 , 0.70591856, 0.70593267, 0.70586144,
       0.70535421, 0.70580413, 0.70558065, 0.70631628, 0.70618471,
       0.70665686, 0.70710137, 0.70668202, 0.70688159, 0.70646859,
       0.70685971, 0.7072881 , 0.70681199, 0.70736859, 0.70737176,
       0.70685971, 0.7072881 , 0.70681199, 0.70736859, 0.70737176,
       0.7064665 , 0.70703299, 0.70682521, 0.70712428, 0.70720379,
       0.70164711, 0.70175667, 0.70213794, 0.70192033, 0.70189591,
       0.70204993, 0.70171297, 0.7018512 , 0.70231863, 0.70224562,
       0.70406919, 0.70415834, 0.70448362, 0.70463118, 0.70479945,
       0.70251739, 0.70266846, 0.70293915, 0.70279709, 0.70305151,
       0.70434971, 0.70394181, 0.70368712, 0.70372239, 0.70371148,
       0.70503553, 0.70548089, 0.70551037, 0.70528799, 0.70548653,
       0.70507818, 0.70561494, 0.70575686, 0.70598865, 0.70565989,
       0.70507818, 0.70561494, 0.70575686, 0.70598865, 0.70565989,
       0.70725201, 0.70656675, 0.70677946, 0.70653087, 0.70611171,
       0.69624524, 0.69685298, 0.69648023, 0.69668489, 0.69670287,
       0.6997655 , 0.69992714, 0.69983796, 0.69935765, 0.69937796,
       0.70189375, 0.70244625, 0.70249745, 0.70214582, 0.70214977,
       0.70055524, 0.70076309, 0.70078259, 0.7011387 , 0.70086488,
       0.70084741, 0.70162214, 0.70175807, 0.70125936, 0.70161782,
       0.70308439, 0.7028339 , 0.70318726, 0.70308398, 0.70304821,
       0.70449271, 0.70464378, 0.70485795, 0.70471011, 0.70478799,
       0.70449271, 0.70464378, 0.70485795, 0.70471011, 0.70478799,
       0.7046199 , 0.70420461, 0.70462484, 0.70515118, 0.70491041]), 'std_test_score': array([0.00295362, 0.00305341, 0.00317994, 0.0032318 , 0.00349679,
       0.00361284, 0.00377152, 0.00369256, 0.00379594, 0.00413413,
       0.00332552, 0.00341332, 0.00314834, 0.00333564, 0.00334189,
       0.00448094, 0.00429484, 0.00382383, 0.00369139, 0.00342874,
       0.00321667, 0.00334052, 0.00305778, 0.00323326, 0.00313016,
       0.00348572, 0.00349397, 0.0038091 , 0.00368243, 0.00375581,
       0.00371195, 0.00325023, 0.00373128, 0.00374936, 0.00373606,
       0.00371195, 0.00325023, 0.00373128, 0.00374936, 0.00373606,
       0.0035423 , 0.00355862, 0.00354834, 0.00347771, 0.0035648 ,
       0.00350704, 0.00356304, 0.00345022, 0.00352382, 0.00348278,
       0.00294483, 0.0027123 , 0.00307185, 0.0028367 , 0.0028372 ,
       0.00333274, 0.00283261, 0.00313485, 0.00292741, 0.00289103,
       0.00300438, 0.00327673, 0.00325469, 0.00340855, 0.00331107,
       0.00289407, 0.0033784 , 0.00295545, 0.0029786 , 0.00325405,
       0.00172475, 0.00165113, 0.0019832 , 0.00251058, 0.00226233,
       0.00326449, 0.0032964 , 0.0028673 , 0.0028714 , 0.00276329,
       0.00326449, 0.0032964 , 0.0028673 , 0.0028714 , 0.00276329,
       0.003817  , 0.00336816, 0.00336926, 0.00324848, 0.00322986,
       0.00343312, 0.00312821, 0.00335342, 0.00299602, 0.00290517,
       0.00255463, 0.00270121, 0.00277361, 0.00334465, 0.0030737 ,
       0.0034476 , 0.00341461, 0.00332236, 0.00347775, 0.00360785,
       0.00318051, 0.00305715, 0.00347069, 0.00318304, 0.00335644,
       0.00302231, 0.00300423, 0.0032103 , 0.00322873, 0.00337739,
       0.00281195, 0.00365286, 0.00346632, 0.00397105, 0.00410632,
       0.00281861, 0.00315325, 0.00313606, 0.00297516, 0.00294908,
       0.00281861, 0.00315325, 0.00313606, 0.00297516, 0.00294908,
       0.0026876 , 0.00286262, 0.00283958, 0.00273398, 0.00283531,
       0.00311906, 0.00316682, 0.00333657, 0.00344251, 0.00300784,
       0.00286367, 0.00324575, 0.00322449, 0.00348209, 0.00294964,
       0.00356549, 0.00368307, 0.00381138, 0.00404742, 0.00396618,
       0.00355928, 0.00344881, 0.00384198, 0.00383505, 0.00371946,
       0.00275149, 0.00250407, 0.00213935, 0.00263725, 0.00302851,
       0.00250022, 0.0028789 , 0.00301997, 0.00345373, 0.00329954,
       0.00309555, 0.00354648, 0.00348296, 0.0034295 , 0.0034032 ,
       0.00309555, 0.00354648, 0.00348296, 0.0034295 , 0.0034032 ,
       0.00349253, 0.00352658, 0.00351269, 0.00339622, 0.00318905,
       0.00159549, 0.00107347, 0.00153931, 0.00134982, 0.00147415,
       0.0011436 , 0.00144567, 0.00184146, 0.00204526, 0.0020311 ,
       0.00300092, 0.00277079, 0.00260872, 0.00314009, 0.00295786,
       0.00250021, 0.00268555, 0.00314727, 0.00285424, 0.00316961,
       0.00252841, 0.00215843, 0.00190462, 0.00229991, 0.00235768,
       0.00296875, 0.00355837, 0.00335874, 0.00327552, 0.00329227,
       0.00394525, 0.00402213, 0.00375746, 0.00362144, 0.00364249,
       0.00394525, 0.00402213, 0.00375746, 0.00362144, 0.00364249,
       0.00333404, 0.00302375, 0.0030751 , 0.00275872, 0.00301661,
       0.00173875, 0.00212357, 0.00204084, 0.00172172, 0.00164955,
       0.00106488, 0.00109129, 0.00130398, 0.0015668 , 0.00099022,
       0.00197695, 0.00178841, 0.00223355, 0.0024428 , 0.00246464,
       0.00130071, 0.00122393, 0.00093037, 0.00105911, 0.00077129,
       0.00167656, 0.00153128, 0.0016081 , 0.0011349 , 0.00177009,
       0.00180615, 0.00150301, 0.00179319, 0.0019784 , 0.00224788,
       0.0029357 , 0.00279107, 0.00256249, 0.00284659, 0.00304693,
       0.0029357 , 0.00279107, 0.00256249, 0.00284659, 0.00304693,
       0.00306415, 0.00276911, 0.00231291, 0.002416  , 0.00246064]), 'rank_test_score': array([128, 152, 153, 131, 127, 175, 160,  90, 135,  91,  59, 103, 104,
        54, 106, 112,  89,  80, 109,  96,  99, 111, 150, 163, 149, 186,
       185, 183, 174, 161, 143, 168, 180, 178, 155, 143, 168, 180, 178,
       155, 102, 115, 166, 167, 159,  92, 105, 125, 146, 126,  97,  83,
        38,  62,  56, 114, 136, 119, 151, 130,  43,  67,  49,  50,  47,
        30,  84,  77,  35,  52,  82,  46,  61,  64,  69,  93,  78, 117,
       139, 141,  93,  78, 117, 139, 141,  39,  28,  71, 133, 100, 124,
        95, 134, 162, 182,  85,  60,  98,  70, 108,  27,  37,  26,   5,
        19,  65,  72, 101,  75,  76,  86,  36,  57, 113,  81,  21,  63,
        66,  51,  33,  31,   6,  22,   1,   3,  31,   6,  22,   1,   3,
        15,  13,  12,  53,  14, 221, 216, 214, 217, 208, 189, 194, 210,
       196, 192, 116,  74, 132, 122, 110, 121, 120, 147, 145, 148, 184,
       154, 172, 107, 123,  58,  25,  55,  34,  87,  40,  16,  44,  10,
         8,  40,  16,  44,  10,   8,  88,  29,  42,  24,  20, 251, 249,
       242, 244, 245, 243, 250, 247, 238, 239, 220, 219, 213, 206, 199,
       235, 234, 231, 233, 229, 215, 222, 225, 223, 224, 193, 177, 173,
       187, 176, 190, 170, 157, 137, 164, 190, 170, 157, 137, 164,  18,
        68,  48,  73, 129, 270, 266, 269, 268, 267, 263, 261, 262, 265,
       264, 246, 237, 236, 241, 240, 260, 259, 258, 255, 256, 257, 252,
       248, 254, 253, 227, 232, 226, 228, 230, 211, 204, 197, 202, 200,
       211, 204, 197, 202, 200, 209, 218, 207, 188, 195], dtype=int32)}