Parameter Distribution {'n_estimators': [300, 350, 400, 450, 500], 'max_depth': [10, 11, 12, 13, 14, 15], 'min_samples_leaf': [1, 2, 4], 'min_samples_split': [2, 5, 10], 'random_state': [101]}
Best: 0.707592 using {'max_depth': 12, 'min_samples_leaf': 4, 'min_samples_split': 2, 'n_estimators': 450, 'random_state': 101}
0.706118 (0.002954) with: {'max_depth': 10, 'min_samples_leaf': 1, 'min_samples_split': 2, 'n_estimators': 300, 'random_state': 101}, std score of 0.002954, score rank of 128,
0.705830 (0.003053) with: {'max_depth': 10, 'min_samples_leaf': 1, 'min_samples_split': 2, 'n_estimators': 350, 'random_state': 101}, std score of 0.003053, score rank of 152,
0.705822 (0.003180) with: {'max_depth': 10, 'min_samples_leaf': 1, 'min_samples_split': 2, 'n_estimators': 400, 'random_state': 101}, std score of 0.003180, score rank of 153,
0.706095 (0.003232) with: {'max_depth': 10, 'min_samples_leaf': 1, 'min_samples_split': 2, 'n_estimators': 450, 'random_state': 101}, std score of 0.003232, score rank of 131,
0.706121 (0.003497) with: {'max_depth': 10, 'min_samples_leaf': 1, 'min_samples_split': 2, 'n_estimators': 500, 'random_state': 101}, std score of 0.003497, score rank of 127,
0.705493 (0.003613) with: {'max_depth': 10, 'min_samples_leaf': 1, 'min_samples_split': 5, 'n_estimators': 300, 'random_state': 101}, std score of 0.003613, score rank of 175,
0.705736 (0.003772) with: {'max_depth': 10, 'min_samples_leaf': 1, 'min_samples_split': 5, 'n_estimators': 350, 'random_state': 101}, std score of 0.003772, score rank of 160,
0.706442 (0.003693) with: {'max_depth': 10, 'min_samples_leaf': 1, 'min_samples_split': 5, 'n_estimators': 400, 'random_state': 101}, std score of 0.003693, score rank of 90,
0.706052 (0.003796) with: {'max_depth': 10, 'min_samples_leaf': 1, 'min_samples_split': 5, 'n_estimators': 450, 'random_state': 101}, std score of 0.003796, score rank of 135,
0.706421 (0.004134) with: {'max_depth': 10, 'min_samples_leaf': 1, 'min_samples_split': 5, 'n_estimators': 500, 'random_state': 101}, std score of 0.004134, score rank of 91,
0.706654 (0.003326) with: {'max_depth': 10, 'min_samples_leaf': 1, 'min_samples_split': 10, 'n_estimators': 300, 'random_state': 101}, std score of 0.003326, score rank of 59,
0.706340 (0.003413) with: {'max_depth': 10, 'min_samples_leaf': 1, 'min_samples_split': 10, 'n_estimators': 350, 'random_state': 101}, std score of 0.003413, score rank of 103,
0.706331 (0.003148) with: {'max_depth': 10, 'min_samples_leaf': 1, 'min_samples_split': 10, 'n_estimators': 400, 'random_state': 101}, std score of 0.003148, score rank of 104,
0.706688 (0.003336) with: {'max_depth': 10, 'min_samples_leaf': 1, 'min_samples_split': 10, 'n_estimators': 450, 'random_state': 101}, std score of 0.003336, score rank of 54,
0.706321 (0.003342) with: {'max_depth': 10, 'min_samples_leaf': 1, 'min_samples_split': 10, 'n_estimators': 500, 'random_state': 101}, std score of 0.003342, score rank of 106,
0.706288 (0.004481) with: {'max_depth': 10, 'min_samples_leaf': 2, 'min_samples_split': 2, 'n_estimators': 300, 'random_state': 101}, std score of 0.004481, score rank of 112,
0.706464 (0.004295) with: {'max_depth': 10, 'min_samples_leaf': 2, 'min_samples_split': 2, 'n_estimators': 350, 'random_state': 101}, std score of 0.004295, score rank of 89,
0.706501 (0.003824) with: {'max_depth': 10, 'min_samples_leaf': 2, 'min_samples_split': 2, 'n_estimators': 400, 'random_state': 101}, std score of 0.003824, score rank of 80,
0.706306 (0.003691) with: {'max_depth': 10, 'min_samples_leaf': 2, 'min_samples_split': 2, 'n_estimators': 450, 'random_state': 101}, std score of 0.003691, score rank of 109,
0.706393 (0.003429) with: {'max_depth': 10, 'min_samples_leaf': 2, 'min_samples_split': 2, 'n_estimators': 500, 'random_state': 101}, std score of 0.003429, score rank of 96,
0.706371 (0.003217) with: {'max_depth': 10, 'min_samples_leaf': 2, 'min_samples_split': 5, 'n_estimators': 300, 'random_state': 101}, std score of 0.003217, score rank of 99,
0.706303 (0.003341) with: {'max_depth': 10, 'min_samples_leaf': 2, 'min_samples_split': 5, 'n_estimators': 350, 'random_state': 101}, std score of 0.003341, score rank of 111,
0.705844 (0.003058) with: {'max_depth': 10, 'min_samples_leaf': 2, 'min_samples_split': 5, 'n_estimators': 400, 'random_state': 101}, std score of 0.003058, score rank of 150,
0.705677 (0.003233) with: {'max_depth': 10, 'min_samples_leaf': 2, 'min_samples_split': 5, 'n_estimators': 450, 'random_state': 101}, std score of 0.003233, score rank of 163,
0.705844 (0.003130) with: {'max_depth': 10, 'min_samples_leaf': 2, 'min_samples_split': 5, 'n_estimators': 500, 'random_state': 101}, std score of 0.003130, score rank of 149,
0.705304 (0.003486) with: {'max_depth': 10, 'min_samples_leaf': 2, 'min_samples_split': 10, 'n_estimators': 300, 'random_state': 101}, std score of 0.003486, score rank of 186,
0.705311 (0.003494) with: {'max_depth': 10, 'min_samples_leaf': 2, 'min_samples_split': 10, 'n_estimators': 350, 'random_state': 101}, std score of 0.003494, score rank of 185,
0.705386 (0.003809) with: {'max_depth': 10, 'min_samples_leaf': 2, 'min_samples_split': 10, 'n_estimators': 400, 'random_state': 101}, std score of 0.003809, score rank of 183,
0.705503 (0.003682) with: {'max_depth': 10, 'min_samples_leaf': 2, 'min_samples_split': 10, 'n_estimators': 450, 'random_state': 101}, std score of 0.003682, score rank of 174,
0.705734 (0.003756) with: {'max_depth': 10, 'min_samples_leaf': 2, 'min_samples_split': 10, 'n_estimators': 500, 'random_state': 101}, std score of 0.003756, score rank of 161,
0.705941 (0.003712) with: {'max_depth': 10, 'min_samples_leaf': 4, 'min_samples_split': 2, 'n_estimators': 300, 'random_state': 101}, std score of 0.003712, score rank of 143,
0.705621 (0.003250) with: {'max_depth': 10, 'min_samples_leaf': 4, 'min_samples_split': 2, 'n_estimators': 350, 'random_state': 101}, std score of 0.003250, score rank of 168,
0.705424 (0.003731) with: {'max_depth': 10, 'min_samples_leaf': 4, 'min_samples_split': 2, 'n_estimators': 400, 'random_state': 101}, std score of 0.003731, score rank of 180,
0.705436 (0.003749) with: {'max_depth': 10, 'min_samples_leaf': 4, 'min_samples_split': 2, 'n_estimators': 450, 'random_state': 101}, std score of 0.003749, score rank of 178,
0.705796 (0.003736) with: {'max_depth': 10, 'min_samples_leaf': 4, 'min_samples_split': 2, 'n_estimators': 500, 'random_state': 101}, std score of 0.003736, score rank of 155,
0.705941 (0.003712) with: {'max_depth': 10, 'min_samples_leaf': 4, 'min_samples_split': 5, 'n_estimators': 300, 'random_state': 101}, std score of 0.003712, score rank of 143,
0.705621 (0.003250) with: {'max_depth': 10, 'min_samples_leaf': 4, 'min_samples_split': 5, 'n_estimators': 350, 'random_state': 101}, std score of 0.003250, score rank of 168,
0.705424 (0.003731) with: {'max_depth': 10, 'min_samples_leaf': 4, 'min_samples_split': 5, 'n_estimators': 400, 'random_state': 101}, std score of 0.003731, score rank of 180,
0.705436 (0.003749) with: {'max_depth': 10, 'min_samples_leaf': 4, 'min_samples_split': 5, 'n_estimators': 450, 'random_state': 101}, std score of 0.003749, score rank of 178,
0.705796 (0.003736) with: {'max_depth': 10, 'min_samples_leaf': 4, 'min_samples_split': 5, 'n_estimators': 500, 'random_state': 101}, std score of 0.003736, score rank of 155,
0.706349 (0.003542) with: {'max_depth': 10, 'min_samples_leaf': 4, 'min_samples_split': 10, 'n_estimators': 300, 'random_state': 101}, std score of 0.003542, score rank of 102,
0.706263 (0.003559) with: {'max_depth': 10, 'min_samples_leaf': 4, 'min_samples_split': 10, 'n_estimators': 350, 'random_state': 101}, std score of 0.003559, score rank of 115,
0.705630 (0.003548) with: {'max_depth': 10, 'min_samples_leaf': 4, 'min_samples_split': 10, 'n_estimators': 400, 'random_state': 101}, std score of 0.003548, score rank of 166,
0.705626 (0.003478) with: {'max_depth': 10, 'min_samples_leaf': 4, 'min_samples_split': 10, 'n_estimators': 450, 'random_state': 101}, std score of 0.003478, score rank of 167,
0.705749 (0.003565) with: {'max_depth': 10, 'min_samples_leaf': 4, 'min_samples_split': 10, 'n_estimators': 500, 'random_state': 101}, std score of 0.003565, score rank of 159,
0.706416 (0.003507) with: {'max_depth': 11, 'min_samples_leaf': 1, 'min_samples_split': 2, 'n_estimators': 300, 'random_state': 101}, std score of 0.003507, score rank of 92,
0.706323 (0.003563) with: {'max_depth': 11, 'min_samples_leaf': 1, 'min_samples_split': 2, 'n_estimators': 350, 'random_state': 101}, std score of 0.003563, score rank of 105,
0.706172 (0.003450) with: {'max_depth': 11, 'min_samples_leaf': 1, 'min_samples_split': 2, 'n_estimators': 400, 'random_state': 101}, std score of 0.003450, score rank of 125,
0.705929 (0.003524) with: {'max_depth': 11, 'min_samples_leaf': 1, 'min_samples_split': 2, 'n_estimators': 450, 'random_state': 101}, std score of 0.003524, score rank of 146,
0.706124 (0.003483) with: {'max_depth': 11, 'min_samples_leaf': 1, 'min_samples_split': 2, 'n_estimators': 500, 'random_state': 101}, std score of 0.003483, score rank of 126,
0.706391 (0.002945) with: {'max_depth': 11, 'min_samples_leaf': 1, 'min_samples_split': 5, 'n_estimators': 300, 'random_state': 101}, std score of 0.002945, score rank of 97,
0.706486 (0.002712) with: {'max_depth': 11, 'min_samples_leaf': 1, 'min_samples_split': 5, 'n_estimators': 350, 'random_state': 101}, std score of 0.002712, score rank of 83,
0.706864 (0.003072) with: {'max_depth': 11, 'min_samples_leaf': 1, 'min_samples_split': 5, 'n_estimators': 400, 'random_state': 101}, std score of 0.003072, score rank of 38,
0.706624 (0.002837) with: {'max_depth': 11, 'min_samples_leaf': 1, 'min_samples_split': 5, 'n_estimators': 450, 'random_state': 101}, std score of 0.002837, score rank of 62,
0.706674 (0.002837) with: {'max_depth': 11, 'min_samples_leaf': 1, 'min_samples_split': 5, 'n_estimators': 500, 'random_state': 101}, std score of 0.002837, score rank of 56,
0.706280 (0.003333) with: {'max_depth': 11, 'min_samples_leaf': 1, 'min_samples_split': 10, 'n_estimators': 300, 'random_state': 101}, std score of 0.003333, score rank of 114,
0.706005 (0.002833) with: {'max_depth': 11, 'min_samples_leaf': 1, 'min_samples_split': 10, 'n_estimators': 350, 'random_state': 101}, std score of 0.002833, score rank of 136,
0.706216 (0.003135) with: {'max_depth': 11, 'min_samples_leaf': 1, 'min_samples_split': 10, 'n_estimators': 400, 'random_state': 101}, std score of 0.003135, score rank of 119,
0.705835 (0.002927) with: {'max_depth': 11, 'min_samples_leaf': 1, 'min_samples_split': 10, 'n_estimators': 450, 'random_state': 101}, std score of 0.002927, score rank of 151,
0.706098 (0.002891) with: {'max_depth': 11, 'min_samples_leaf': 1, 'min_samples_split': 10, 'n_estimators': 500, 'random_state': 101}, std score of 0.002891, score rank of 130,
0.706813 (0.003004) with: {'max_depth': 11, 'min_samples_leaf': 2, 'min_samples_split': 2, 'n_estimators': 300, 'random_state': 101}, std score of 0.003004, score rank of 43,
0.706575 (0.003277) with: {'max_depth': 11, 'min_samples_leaf': 2, 'min_samples_split': 2, 'n_estimators': 350, 'random_state': 101}, std score of 0.003277, score rank of 67,
0.706773 (0.003255) with: {'max_depth': 11, 'min_samples_leaf': 2, 'min_samples_split': 2, 'n_estimators': 400, 'random_state': 101}, std score of 0.003255, score rank of 49,
0.706755 (0.003409) with: {'max_depth': 11, 'min_samples_leaf': 2, 'min_samples_split': 2, 'n_estimators': 450, 'random_state': 101}, std score of 0.003409, score rank of 50,
0.706786 (0.003311) with: {'max_depth': 11, 'min_samples_leaf': 2, 'min_samples_split': 2, 'n_estimators': 500, 'random_state': 101}, std score of 0.003311, score rank of 47,
0.706964 (0.002894) with: {'max_depth': 11, 'min_samples_leaf': 2, 'min_samples_split': 5, 'n_estimators': 300, 'random_state': 101}, std score of 0.002894, score rank of 30,
0.706479 (0.003378) with: {'max_depth': 11, 'min_samples_leaf': 2, 'min_samples_split': 5, 'n_estimators': 350, 'random_state': 101}, std score of 0.003378, score rank of 84,
0.706509 (0.002955) with: {'max_depth': 11, 'min_samples_leaf': 2, 'min_samples_split': 5, 'n_estimators': 400, 'random_state': 101}, std score of 0.002955, score rank of 77,
0.706872 (0.002979) with: {'max_depth': 11, 'min_samples_leaf': 2, 'min_samples_split': 5, 'n_estimators': 450, 'random_state': 101}, std score of 0.002979, score rank of 35,
0.706726 (0.003254) with: {'max_depth': 11, 'min_samples_leaf': 2, 'min_samples_split': 5, 'n_estimators': 500, 'random_state': 101}, std score of 0.003254, score rank of 52,
0.706487 (0.001725) with: {'max_depth': 11, 'min_samples_leaf': 2, 'min_samples_split': 10, 'n_estimators': 300, 'random_state': 101}, std score of 0.001725, score rank of 82,
0.706800 (0.001651) with: {'max_depth': 11, 'min_samples_leaf': 2, 'min_samples_split': 10, 'n_estimators': 350, 'random_state': 101}, std score of 0.001651, score rank of 46,
0.706634 (0.001983) with: {'max_depth': 11, 'min_samples_leaf': 2, 'min_samples_split': 10, 'n_estimators': 400, 'random_state': 101}, std score of 0.001983, score rank of 61,
0.706606 (0.002511) with: {'max_depth': 11, 'min_samples_leaf': 2, 'min_samples_split': 10, 'n_estimators': 450, 'random_state': 101}, std score of 0.002511, score rank of 64,
0.706544 (0.002262) with: {'max_depth': 11, 'min_samples_leaf': 2, 'min_samples_split': 10, 'n_estimators': 500, 'random_state': 101}, std score of 0.002262, score rank of 69,
0.706402 (0.003264) with: {'max_depth': 11, 'min_samples_leaf': 4, 'min_samples_split': 2, 'n_estimators': 300, 'random_state': 101}, std score of 0.003264, score rank of 93,
0.706504 (0.003296) with: {'max_depth': 11, 'min_samples_leaf': 4, 'min_samples_split': 2, 'n_estimators': 350, 'random_state': 101}, std score of 0.003296, score rank of 78,
0.706225 (0.002867) with: {'max_depth': 11, 'min_samples_leaf': 4, 'min_samples_split': 2, 'n_estimators': 400, 'random_state': 101}, std score of 0.002867, score rank of 117,
0.705988 (0.002871) with: {'max_depth': 11, 'min_samples_leaf': 4, 'min_samples_split': 2, 'n_estimators': 450, 'random_state': 101}, std score of 0.002871, score rank of 139,
0.705968 (0.002763) with: {'max_depth': 11, 'min_samples_leaf': 4, 'min_samples_split': 2, 'n_estimators': 500, 'random_state': 101}, std score of 0.002763, score rank of 141,
0.706402 (0.003264) with: {'max_depth': 11, 'min_samples_leaf': 4, 'min_samples_split': 5, 'n_estimators': 300, 'random_state': 101}, std score of 0.003264, score rank of 93,
0.706504 (0.003296) with: {'max_depth': 11, 'min_samples_leaf': 4, 'min_samples_split': 5, 'n_estimators': 350, 'random_state': 101}, std score of 0.003296, score rank of 78,
0.706225 (0.002867) with: {'max_depth': 11, 'min_samples_leaf': 4, 'min_samples_split': 5, 'n_estimators': 400, 'random_state': 101}, std score of 0.002867, score rank of 117,
0.705988 (0.002871) with: {'max_depth': 11, 'min_samples_leaf': 4, 'min_samples_split': 5, 'n_estimators': 450, 'random_state': 101}, std score of 0.002871, score rank of 139,
0.705968 (0.002763) with: {'max_depth': 11, 'min_samples_leaf': 4, 'min_samples_split': 5, 'n_estimators': 500, 'random_state': 101}, std score of 0.002763, score rank of 141,
0.706862 (0.003817) with: {'max_depth': 11, 'min_samples_leaf': 4, 'min_samples_split': 10, 'n_estimators': 300, 'random_state': 101}, std score of 0.003817, score rank of 39,
0.707069 (0.003368) with: {'max_depth': 11, 'min_samples_leaf': 4, 'min_samples_split': 10, 'n_estimators': 350, 'random_state': 101}, std score of 0.003368, score rank of 28,
0.706538 (0.003369) with: {'max_depth': 11, 'min_samples_leaf': 4, 'min_samples_split': 10, 'n_estimators': 400, 'random_state': 101}, std score of 0.003369, score rank of 71,
0.706070 (0.003248) with: {'max_depth': 11, 'min_samples_leaf': 4, 'min_samples_split': 10, 'n_estimators': 450, 'random_state': 101}, std score of 0.003248, score rank of 133,
0.706366 (0.003230) with: {'max_depth': 11, 'min_samples_leaf': 4, 'min_samples_split': 10, 'n_estimators': 500, 'random_state': 101}, std score of 0.003230, score rank of 100,
0.706175 (0.003433) with: {'max_depth': 12, 'min_samples_leaf': 1, 'min_samples_split': 2, 'n_estimators': 300, 'random_state': 101}, std score of 0.003433, score rank of 124,
0.706393 (0.003128) with: {'max_depth': 12, 'min_samples_leaf': 1, 'min_samples_split': 2, 'n_estimators': 350, 'random_state': 101}, std score of 0.003128, score rank of 95,
0.706057 (0.003353) with: {'max_depth': 12, 'min_samples_leaf': 1, 'min_samples_split': 2, 'n_estimators': 400, 'random_state': 101}, std score of 0.003353, score rank of 134,
0.705697 (0.002996) with: {'max_depth': 12, 'min_samples_leaf': 1, 'min_samples_split': 2, 'n_estimators': 450, 'random_state': 101}, std score of 0.002996, score rank of 162,
0.705386 (0.002905) with: {'max_depth': 12, 'min_samples_leaf': 1, 'min_samples_split': 2, 'n_estimators': 500, 'random_state': 101}, std score of 0.002905, score rank of 182,
0.706475 (0.002555) with: {'max_depth': 12, 'min_samples_leaf': 1, 'min_samples_split': 5, 'n_estimators': 300, 'random_state': 101}, std score of 0.002555, score rank of 85,
0.706646 (0.002701) with: {'max_depth': 12, 'min_samples_leaf': 1, 'min_samples_split': 5, 'n_estimators': 350, 'random_state': 101}, std score of 0.002701, score rank of 60,
0.706388 (0.002774) with: {'max_depth': 12, 'min_samples_leaf': 1, 'min_samples_split': 5, 'n_estimators': 400, 'random_state': 101}, std score of 0.002774, score rank of 98,
0.706543 (0.003345) with: {'max_depth': 12, 'min_samples_leaf': 1, 'min_samples_split': 5, 'n_estimators': 450, 'random_state': 101}, std score of 0.003345, score rank of 70,
0.706314 (0.003074) with: {'max_depth': 12, 'min_samples_leaf': 1, 'min_samples_split': 5, 'n_estimators': 500, 'random_state': 101}, std score of 0.003074, score rank of 108,
0.707077 (0.003448) with: {'max_depth': 12, 'min_samples_leaf': 1, 'min_samples_split': 10, 'n_estimators': 300, 'random_state': 101}, std score of 0.003448, score rank of 27,
0.706869 (0.003415) with: {'max_depth': 12, 'min_samples_leaf': 1, 'min_samples_split': 10, 'n_estimators': 350, 'random_state': 101}, std score of 0.003415, score rank of 37,
0.707078 (0.003322) with: {'max_depth': 12, 'min_samples_leaf': 1, 'min_samples_split': 10, 'n_estimators': 400, 'random_state': 101}, std score of 0.003322, score rank of 26,
0.707499 (0.003478) with: {'max_depth': 12, 'min_samples_leaf': 1, 'min_samples_split': 10, 'n_estimators': 450, 'random_state': 101}, std score of 0.003478, score rank of 5,
0.707245 (0.003608) with: {'max_depth': 12, 'min_samples_leaf': 1, 'min_samples_split': 10, 'n_estimators': 500, 'random_state': 101}, std score of 0.003608, score rank of 19,
0.706602 (0.003181) with: {'max_depth': 12, 'min_samples_leaf': 2, 'min_samples_split': 2, 'n_estimators': 300, 'random_state': 101}, std score of 0.003181, score rank of 65,
0.706534 (0.003057) with: {'max_depth': 12, 'min_samples_leaf': 2, 'min_samples_split': 2, 'n_estimators': 350, 'random_state': 101}, std score of 0.003057, score rank of 72,
0.706350 (0.003471) with: {'max_depth': 12, 'min_samples_leaf': 2, 'min_samples_split': 2, 'n_estimators': 400, 'random_state': 101}, std score of 0.003471, score rank of 101,
0.706527 (0.003183) with: {'max_depth': 12, 'min_samples_leaf': 2, 'min_samples_split': 2, 'n_estimators': 450, 'random_state': 101}, std score of 0.003183, score rank of 75,
0.706524 (0.003356) with: {'max_depth': 12, 'min_samples_leaf': 2, 'min_samples_split': 2, 'n_estimators': 500, 'random_state': 101}, std score of 0.003356, score rank of 76,
0.706471 (0.003022) with: {'max_depth': 12, 'min_samples_leaf': 2, 'min_samples_split': 5, 'n_estimators': 300, 'random_state': 101}, std score of 0.003022, score rank of 86,
0.706871 (0.003004) with: {'max_depth': 12, 'min_samples_leaf': 2, 'min_samples_split': 5, 'n_estimators': 350, 'random_state': 101}, std score of 0.003004, score rank of 36,
0.706667 (0.003210) with: {'max_depth': 12, 'min_samples_leaf': 2, 'min_samples_split': 5, 'n_estimators': 400, 'random_state': 101}, std score of 0.003210, score rank of 57,
0.706283 (0.003229) with: {'max_depth': 12, 'min_samples_leaf': 2, 'min_samples_split': 5, 'n_estimators': 450, 'random_state': 101}, std score of 0.003229, score rank of 113,
0.706496 (0.003377) with: {'max_depth': 12, 'min_samples_leaf': 2, 'min_samples_split': 5, 'n_estimators': 500, 'random_state': 101}, std score of 0.003377, score rank of 81,
0.707154 (0.002812) with: {'max_depth': 12, 'min_samples_leaf': 2, 'min_samples_split': 10, 'n_estimators': 300, 'random_state': 101}, std score of 0.002812, score rank of 21,
0.706610 (0.003653) with: {'max_depth': 12, 'min_samples_leaf': 2, 'min_samples_split': 10, 'n_estimators': 350, 'random_state': 101}, std score of 0.003653, score rank of 63,
0.706589 (0.003466) with: {'max_depth': 12, 'min_samples_leaf': 2, 'min_samples_split': 10, 'n_estimators': 400, 'random_state': 101}, std score of 0.003466, score rank of 66,
0.706736 (0.003971) with: {'max_depth': 12, 'min_samples_leaf': 2, 'min_samples_split': 10, 'n_estimators': 450, 'random_state': 101}, std score of 0.003971, score rank of 51,
0.706890 (0.004106) with: {'max_depth': 12, 'min_samples_leaf': 2, 'min_samples_split': 10, 'n_estimators': 500, 'random_state': 101}, std score of 0.004106, score rank of 33,
0.706962 (0.002819) with: {'max_depth': 12, 'min_samples_leaf': 4, 'min_samples_split': 2, 'n_estimators': 300, 'random_state': 101}, std score of 0.002819, score rank of 31,
0.707384 (0.003153) with: {'max_depth': 12, 'min_samples_leaf': 4, 'min_samples_split': 2, 'n_estimators': 350, 'random_state': 101}, std score of 0.003153, score rank of 6,
0.707144 (0.003136) with: {'max_depth': 12, 'min_samples_leaf': 4, 'min_samples_split': 2, 'n_estimators': 400, 'random_state': 101}, std score of 0.003136, score rank of 22,
0.707592 (0.002975) with: {'max_depth': 12, 'min_samples_leaf': 4, 'min_samples_split': 2, 'n_estimators': 450, 'random_state': 101}, std score of 0.002975, score rank of 1,
0.707549 (0.002949) with: {'max_depth': 12, 'min_samples_leaf': 4, 'min_samples_split': 2, 'n_estimators': 500, 'random_state': 101}, std score of 0.002949, score rank of 3,
0.706962 (0.002819) with: {'max_depth': 12, 'min_samples_leaf': 4, 'min_samples_split': 5, 'n_estimators': 300, 'random_state': 101}, std score of 0.002819, score rank of 31,
0.707384 (0.003153) with: {'max_depth': 12, 'min_samples_leaf': 4, 'min_samples_split': 5, 'n_estimators': 350, 'random_state': 101}, std score of 0.003153, score rank of 6,
0.707144 (0.003136) with: {'max_depth': 12, 'min_samples_leaf': 4, 'min_samples_split': 5, 'n_estimators': 400, 'random_state': 101}, std score of 0.003136, score rank of 22,
0.707592 (0.002975) with: {'max_depth': 12, 'min_samples_leaf': 4, 'min_samples_split': 5, 'n_estimators': 450, 'random_state': 101}, std score of 0.002975, score rank of 1,
0.707549 (0.002949) with: {'max_depth': 12, 'min_samples_leaf': 4, 'min_samples_split': 5, 'n_estimators': 500, 'random_state': 101}, std score of 0.002949, score rank of 3,
0.707289 (0.002688) with: {'max_depth': 12, 'min_samples_leaf': 4, 'min_samples_split': 10, 'n_estimators': 300, 'random_state': 101}, std score of 0.002688, score rank of 15,
0.707321 (0.002863) with: {'max_depth': 12, 'min_samples_leaf': 4, 'min_samples_split': 10, 'n_estimators': 350, 'random_state': 101}, std score of 0.002863, score rank of 13,
0.707339 (0.002840) with: {'max_depth': 12, 'min_samples_leaf': 4, 'min_samples_split': 10, 'n_estimators': 400, 'random_state': 101}, std score of 0.002840, score rank of 12,
0.706721 (0.002734) with: {'max_depth': 12, 'min_samples_leaf': 4, 'min_samples_split': 10, 'n_estimators': 450, 'random_state': 101}, std score of 0.002734, score rank of 53,
0.707304 (0.002835) with: {'max_depth': 12, 'min_samples_leaf': 4, 'min_samples_split': 10, 'n_estimators': 500, 'random_state': 101}, std score of 0.002835, score rank of 14,
0.703975 (0.003119) with: {'max_depth': 13, 'min_samples_leaf': 1, 'min_samples_split': 2, 'n_estimators': 300, 'random_state': 101}, std score of 0.003119, score rank of 221,
0.704337 (0.003167) with: {'max_depth': 13, 'min_samples_leaf': 1, 'min_samples_split': 2, 'n_estimators': 350, 'random_state': 101}, std score of 0.003167, score rank of 216,
0.704451 (0.003337) with: {'max_depth': 13, 'min_samples_leaf': 1, 'min_samples_split': 2, 'n_estimators': 400, 'random_state': 101}, std score of 0.003337, score rank of 214,
0.704299 (0.003443) with: {'max_depth': 13, 'min_samples_leaf': 1, 'min_samples_split': 2, 'n_estimators': 450, 'random_state': 101}, std score of 0.003443, score rank of 217,
0.704620 (0.003008) with: {'max_depth': 13, 'min_samples_leaf': 1, 'min_samples_split': 2, 'n_estimators': 500, 'random_state': 101}, std score of 0.003008, score rank of 208,
0.705095 (0.002864) with: {'max_depth': 13, 'min_samples_leaf': 1, 'min_samples_split': 5, 'n_estimators': 300, 'random_state': 101}, std score of 0.002864, score rank of 189,
0.704987 (0.003246) with: {'max_depth': 13, 'min_samples_leaf': 1, 'min_samples_split': 5, 'n_estimators': 350, 'random_state': 101}, std score of 0.003246, score rank of 194,
0.704584 (0.003224) with: {'max_depth': 13, 'min_samples_leaf': 1, 'min_samples_split': 5, 'n_estimators': 400, 'random_state': 101}, std score of 0.003224, score rank of 210,
0.704886 (0.003482) with: {'max_depth': 13, 'min_samples_leaf': 1, 'min_samples_split': 5, 'n_estimators': 450, 'random_state': 101}, std score of 0.003482, score rank of 196,
0.705073 (0.002950) with: {'max_depth': 13, 'min_samples_leaf': 1, 'min_samples_split': 5, 'n_estimators': 500, 'random_state': 101}, std score of 0.002950, score rank of 192,
0.706248 (0.003565) with: {'max_depth': 13, 'min_samples_leaf': 1, 'min_samples_split': 10, 'n_estimators': 300, 'random_state': 101}, std score of 0.003565, score rank of 116,
0.706527 (0.003683) with: {'max_depth': 13, 'min_samples_leaf': 1, 'min_samples_split': 10, 'n_estimators': 350, 'random_state': 101}, std score of 0.003683, score rank of 74,
0.706090 (0.003811) with: {'max_depth': 13, 'min_samples_leaf': 1, 'min_samples_split': 10, 'n_estimators': 400, 'random_state': 101}, std score of 0.003811, score rank of 132,
0.706190 (0.004047) with: {'max_depth': 13, 'min_samples_leaf': 1, 'min_samples_split': 10, 'n_estimators': 450, 'random_state': 101}, std score of 0.004047, score rank of 122,
0.706306 (0.003966) with: {'max_depth': 13, 'min_samples_leaf': 1, 'min_samples_split': 10, 'n_estimators': 500, 'random_state': 101}, std score of 0.003966, score rank of 110,
0.706197 (0.003559) with: {'max_depth': 13, 'min_samples_leaf': 2, 'min_samples_split': 2, 'n_estimators': 300, 'random_state': 101}, std score of 0.003559, score rank of 121,
0.706213 (0.003449) with: {'max_depth': 13, 'min_samples_leaf': 2, 'min_samples_split': 2, 'n_estimators': 350, 'random_state': 101}, std score of 0.003449, score rank of 120,
0.705919 (0.003842) with: {'max_depth': 13, 'min_samples_leaf': 2, 'min_samples_split': 2, 'n_estimators': 400, 'random_state': 101}, std score of 0.003842, score rank of 147,
0.705933 (0.003835) with: {'max_depth': 13, 'min_samples_leaf': 2, 'min_samples_split': 2, 'n_estimators': 450, 'random_state': 101}, std score of 0.003835, score rank of 145,
0.705861 (0.003719) with: {'max_depth': 13, 'min_samples_leaf': 2, 'min_samples_split': 2, 'n_estimators': 500, 'random_state': 101}, std score of 0.003719, score rank of 148,
0.705354 (0.002751) with: {'max_depth': 13, 'min_samples_leaf': 2, 'min_samples_split': 5, 'n_estimators': 300, 'random_state': 101}, std score of 0.002751, score rank of 184,
0.705804 (0.002504) with: {'max_depth': 13, 'min_samples_leaf': 2, 'min_samples_split': 5, 'n_estimators': 350, 'random_state': 101}, std score of 0.002504, score rank of 154,
0.705581 (0.002139) with: {'max_depth': 13, 'min_samples_leaf': 2, 'min_samples_split': 5, 'n_estimators': 400, 'random_state': 101}, std score of 0.002139, score rank of 172,
0.706316 (0.002637) with: {'max_depth': 13, 'min_samples_leaf': 2, 'min_samples_split': 5, 'n_estimators': 450, 'random_state': 101}, std score of 0.002637, score rank of 107,
0.706185 (0.003029) with: {'max_depth': 13, 'min_samples_leaf': 2, 'min_samples_split': 5, 'n_estimators': 500, 'random_state': 101}, std score of 0.003029, score rank of 123,
0.706657 (0.002500) with: {'max_depth': 13, 'min_samples_leaf': 2, 'min_samples_split': 10, 'n_estimators': 300, 'random_state': 101}, std score of 0.002500, score rank of 58,
0.707101 (0.002879) with: {'max_depth': 13, 'min_samples_leaf': 2, 'min_samples_split': 10, 'n_estimators': 350, 'random_state': 101}, std score of 0.002879, score rank of 25,
0.706682 (0.003020) with: {'max_depth': 13, 'min_samples_leaf': 2, 'min_samples_split': 10, 'n_estimators': 400, 'random_state': 101}, std score of 0.003020, score rank of 55,
0.706882 (0.003454) with: {'max_depth': 13, 'min_samples_leaf': 2, 'min_samples_split': 10, 'n_estimators': 450, 'random_state': 101}, std score of 0.003454, score rank of 34,
0.706469 (0.003300) with: {'max_depth': 13, 'min_samples_leaf': 2, 'min_samples_split': 10, 'n_estimators': 500, 'random_state': 101}, std score of 0.003300, score rank of 87,
0.706860 (0.003096) with: {'max_depth': 13, 'min_samples_leaf': 4, 'min_samples_split': 2, 'n_estimators': 300, 'random_state': 101}, std score of 0.003096, score rank of 40,
0.707288 (0.003546) with: {'max_depth': 13, 'min_samples_leaf': 4, 'min_samples_split': 2, 'n_estimators': 350, 'random_state': 101}, std score of 0.003546, score rank of 16,
0.706812 (0.003483) with: {'max_depth': 13, 'min_samples_leaf': 4, 'min_samples_split': 2, 'n_estimators': 400, 'random_state': 101}, std score of 0.003483, score rank of 44,
0.707369 (0.003429) with: {'max_depth': 13, 'min_samples_leaf': 4, 'min_samples_split': 2, 'n_estimators': 450, 'random_state': 101}, std score of 0.003429, score rank of 10,
0.707372 (0.003403) with: {'max_depth': 13, 'min_samples_leaf': 4, 'min_samples_split': 2, 'n_estimators': 500, 'random_state': 101}, std score of 0.003403, score rank of 8,
0.706860 (0.003096) with: {'max_depth': 13, 'min_samples_leaf': 4, 'min_samples_split': 5, 'n_estimators': 300, 'random_state': 101}, std score of 0.003096, score rank of 40,
0.707288 (0.003546) with: {'max_depth': 13, 'min_samples_leaf': 4, 'min_samples_split': 5, 'n_estimators': 350, 'random_state': 101}, std score of 0.003546, score rank of 16,
0.706812 (0.003483) with: {'max_depth': 13, 'min_samples_leaf': 4, 'min_samples_split': 5, 'n_estimators': 400, 'random_state': 101}, std score of 0.003483, score rank of 44,
0.707369 (0.003429) with: {'max_depth': 13, 'min_samples_leaf': 4, 'min_samples_split': 5, 'n_estimators': 450, 'random_state': 101}, std score of 0.003429, score rank of 10,
0.707372 (0.003403) with: {'max_depth': 13, 'min_samples_leaf': 4, 'min_samples_split': 5, 'n_estimators': 500, 'random_state': 101}, std score of 0.003403, score rank of 8,
0.706466 (0.003493) with: {'max_depth': 13, 'min_samples_leaf': 4, 'min_samples_split': 10, 'n_estimators': 300, 'random_state': 101}, std score of 0.003493, score rank of 88,
0.707033 (0.003527) with: {'max_depth': 13, 'min_samples_leaf': 4, 'min_samples_split': 10, 'n_estimators': 350, 'random_state': 101}, std score of 0.003527, score rank of 29,
0.706825 (0.003513) with: {'max_depth': 13, 'min_samples_leaf': 4, 'min_samples_split': 10, 'n_estimators': 400, 'random_state': 101}, std score of 0.003513, score rank of 42,
0.707124 (0.003396) with: {'max_depth': 13, 'min_samples_leaf': 4, 'min_samples_split': 10, 'n_estimators': 450, 'random_state': 101}, std score of 0.003396, score rank of 24,
0.707204 (0.003189) with: {'max_depth': 13, 'min_samples_leaf': 4, 'min_samples_split': 10, 'n_estimators': 500, 'random_state': 101}, std score of 0.003189, score rank of 20,
0.701647 (0.001595) with: {'max_depth': 14, 'min_samples_leaf': 1, 'min_samples_split': 2, 'n_estimators': 300, 'random_state': 101}, std score of 0.001595, score rank of 251,
0.701757 (0.001073) with: {'max_depth': 14, 'min_samples_leaf': 1, 'min_samples_split': 2, 'n_estimators': 350, 'random_state': 101}, std score of 0.001073, score rank of 249,
0.702138 (0.001539) with: {'max_depth': 14, 'min_samples_leaf': 1, 'min_samples_split': 2, 'n_estimators': 400, 'random_state': 101}, std score of 0.001539, score rank of 242,
0.701920 (0.001350) with: {'max_depth': 14, 'min_samples_leaf': 1, 'min_samples_split': 2, 'n_estimators': 450, 'random_state': 101}, std score of 0.001350, score rank of 244,
0.701896 (0.001474) with: {'max_depth': 14, 'min_samples_leaf': 1, 'min_samples_split': 2, 'n_estimators': 500, 'random_state': 101}, std score of 0.001474, score rank of 245,
0.702050 (0.001144) with: {'max_depth': 14, 'min_samples_leaf': 1, 'min_samples_split': 5, 'n_estimators': 300, 'random_state': 101}, std score of 0.001144, score rank of 243,
0.701713 (0.001446) with: {'max_depth': 14, 'min_samples_leaf': 1, 'min_samples_split': 5, 'n_estimators': 350, 'random_state': 101}, std score of 0.001446, score rank of 250,
0.701851 (0.001841) with: {'max_depth': 14, 'min_samples_leaf': 1, 'min_samples_split': 5, 'n_estimators': 400, 'random_state': 101}, std score of 0.001841, score rank of 247,
0.702319 (0.002045) with: {'max_depth': 14, 'min_samples_leaf': 1, 'min_samples_split': 5, 'n_estimators': 450, 'random_state': 101}, std score of 0.002045, score rank of 238,
0.702246 (0.002031) with: {'max_depth': 14, 'min_samples_leaf': 1, 'min_samples_split': 5, 'n_estimators': 500, 'random_state': 101}, std score of 0.002031, score rank of 239,
0.704069 (0.003001) with: {'max_depth': 14, 'min_samples_leaf': 1, 'min_samples_split': 10, 'n_estimators': 300, 'random_state': 101}, std score of 0.003001, score rank of 220,
0.704158 (0.002771) with: {'max_depth': 14, 'min_samples_leaf': 1, 'min_samples_split': 10, 'n_estimators': 350, 'random_state': 101}, std score of 0.002771, score rank of 219,
0.704484 (0.002609) with: {'max_depth': 14, 'min_samples_leaf': 1, 'min_samples_split': 10, 'n_estimators': 400, 'random_state': 101}, std score of 0.002609, score rank of 213,
0.704631 (0.003140) with: {'max_depth': 14, 'min_samples_leaf': 1, 'min_samples_split': 10, 'n_estimators': 450, 'random_state': 101}, std score of 0.003140, score rank of 206,
0.704799 (0.002958) with: {'max_depth': 14, 'min_samples_leaf': 1, 'min_samples_split': 10, 'n_estimators': 500, 'random_state': 101}, std score of 0.002958, score rank of 199,
0.702517 (0.002500) with: {'max_depth': 14, 'min_samples_leaf': 2, 'min_samples_split': 2, 'n_estimators': 300, 'random_state': 101}, std score of 0.002500, score rank of 235,
0.702668 (0.002686) with: {'max_depth': 14, 'min_samples_leaf': 2, 'min_samples_split': 2, 'n_estimators': 350, 'random_state': 101}, std score of 0.002686, score rank of 234,
0.702939 (0.003147) with: {'max_depth': 14, 'min_samples_leaf': 2, 'min_samples_split': 2, 'n_estimators': 400, 'random_state': 101}, std score of 0.003147, score rank of 231,
0.702797 (0.002854) with: {'max_depth': 14, 'min_samples_leaf': 2, 'min_samples_split': 2, 'n_estimators': 450, 'random_state': 101}, std score of 0.002854, score rank of 233,
0.703052 (0.003170) with: {'max_depth': 14, 'min_samples_leaf': 2, 'min_samples_split': 2, 'n_estimators': 500, 'random_state': 101}, std score of 0.003170, score rank of 229,
0.704350 (0.002528) with: {'max_depth': 14, 'min_samples_leaf': 2, 'min_samples_split': 5, 'n_estimators': 300, 'random_state': 101}, std score of 0.002528, score rank of 215,
0.703942 (0.002158) with: {'max_depth': 14, 'min_samples_leaf': 2, 'min_samples_split': 5, 'n_estimators': 350, 'random_state': 101}, std score of 0.002158, score rank of 222,
0.703687 (0.001905) with: {'max_depth': 14, 'min_samples_leaf': 2, 'min_samples_split': 5, 'n_estimators': 400, 'random_state': 101}, std score of 0.001905, score rank of 225,
0.703722 (0.002300) with: {'max_depth': 14, 'min_samples_leaf': 2, 'min_samples_split': 5, 'n_estimators': 450, 'random_state': 101}, std score of 0.002300, score rank of 223,
0.703711 (0.002358) with: {'max_depth': 14, 'min_samples_leaf': 2, 'min_samples_split': 5, 'n_estimators': 500, 'random_state': 101}, std score of 0.002358, score rank of 224,
0.705036 (0.002969) with: {'max_depth': 14, 'min_samples_leaf': 2, 'min_samples_split': 10, 'n_estimators': 300, 'random_state': 101}, std score of 0.002969, score rank of 193,
0.705481 (0.003558) with: {'max_depth': 14, 'min_samples_leaf': 2, 'min_samples_split': 10, 'n_estimators': 350, 'random_state': 101}, std score of 0.003558, score rank of 177,
0.705510 (0.003359) with: {'max_depth': 14, 'min_samples_leaf': 2, 'min_samples_split': 10, 'n_estimators': 400, 'random_state': 101}, std score of 0.003359, score rank of 173,
0.705288 (0.003276) with: {'max_depth': 14, 'min_samples_leaf': 2, 'min_samples_split': 10, 'n_estimators': 450, 'random_state': 101}, std score of 0.003276, score rank of 187,
0.705487 (0.003292) with: {'max_depth': 14, 'min_samples_leaf': 2, 'min_samples_split': 10, 'n_estimators': 500, 'random_state': 101}, std score of 0.003292, score rank of 176,
0.705078 (0.003945) with: {'max_depth': 14, 'min_samples_leaf': 4, 'min_samples_split': 2, 'n_estimators': 300, 'random_state': 101}, std score of 0.003945, score rank of 190,
0.705615 (0.004022) with: {'max_depth': 14, 'min_samples_leaf': 4, 'min_samples_split': 2, 'n_estimators': 350, 'random_state': 101}, std score of 0.004022, score rank of 170,
0.705757 (0.003757) with: {'max_depth': 14, 'min_samples_leaf': 4, 'min_samples_split': 2, 'n_estimators': 400, 'random_state': 101}, std score of 0.003757, score rank of 157,
0.705989 (0.003621) with: {'max_depth': 14, 'min_samples_leaf': 4, 'min_samples_split': 2, 'n_estimators': 450, 'random_state': 101}, std score of 0.003621, score rank of 137,
0.705660 (0.003642) with: {'max_depth': 14, 'min_samples_leaf': 4, 'min_samples_split': 2, 'n_estimators': 500, 'random_state': 101}, std score of 0.003642, score rank of 164,
0.705078 (0.003945) with: {'max_depth': 14, 'min_samples_leaf': 4, 'min_samples_split': 5, 'n_estimators': 300, 'random_state': 101}, std score of 0.003945, score rank of 190,
0.705615 (0.004022) with: {'max_depth': 14, 'min_samples_leaf': 4, 'min_samples_split': 5, 'n_estimators': 350, 'random_state': 101}, std score of 0.004022, score rank of 170,
0.705757 (0.003757) with: {'max_depth': 14, 'min_samples_leaf': 4, 'min_samples_split': 5, 'n_estimators': 400, 'random_state': 101}, std score of 0.003757, score rank of 157,
0.705989 (0.003621) with: {'max_depth': 14, 'min_samples_leaf': 4, 'min_samples_split': 5, 'n_estimators': 450, 'random_state': 101}, std score of 0.003621, score rank of 137,
0.705660 (0.003642) with: {'max_depth': 14, 'min_samples_leaf': 4, 'min_samples_split': 5, 'n_estimators': 500, 'random_state': 101}, std score of 0.003642, score rank of 164,
0.707252 (0.003334) with: {'max_depth': 14, 'min_samples_leaf': 4, 'min_samples_split': 10, 'n_estimators': 300, 'random_state': 101}, std score of 0.003334, score rank of 18,
0.706567 (0.003024) with: {'max_depth': 14, 'min_samples_leaf': 4, 'min_samples_split': 10, 'n_estimators': 350, 'random_state': 101}, std score of 0.003024, score rank of 68,
0.706779 (0.003075) with: {'max_depth': 14, 'min_samples_leaf': 4, 'min_samples_split': 10, 'n_estimators': 400, 'random_state': 101}, std score of 0.003075, score rank of 48,
0.706531 (0.002759) with: {'max_depth': 14, 'min_samples_leaf': 4, 'min_samples_split': 10, 'n_estimators': 450, 'random_state': 101}, std score of 0.002759, score rank of 73,
0.706112 (0.003017) with: {'max_depth': 14, 'min_samples_leaf': 4, 'min_samples_split': 10, 'n_estimators': 500, 'random_state': 101}, std score of 0.003017, score rank of 129,
0.696245 (0.001739) with: {'max_depth': 15, 'min_samples_leaf': 1, 'min_samples_split': 2, 'n_estimators': 300, 'random_state': 101}, std score of 0.001739, score rank of 270,
0.696853 (0.002124) with: {'max_depth': 15, 'min_samples_leaf': 1, 'min_samples_split': 2, 'n_estimators': 350, 'random_state': 101}, std score of 0.002124, score rank of 266,
0.696480 (0.002041) with: {'max_depth': 15, 'min_samples_leaf': 1, 'min_samples_split': 2, 'n_estimators': 400, 'random_state': 101}, std score of 0.002041, score rank of 269,
0.696685 (0.001722) with: {'max_depth': 15, 'min_samples_leaf': 1, 'min_samples_split': 2, 'n_estimators': 450, 'random_state': 101}, std score of 0.001722, score rank of 268,
0.696703 (0.001650) with: {'max_depth': 15, 'min_samples_leaf': 1, 'min_samples_split': 2, 'n_estimators': 500, 'random_state': 101}, std score of 0.001650, score rank of 267,
0.699766 (0.001065) with: {'max_depth': 15, 'min_samples_leaf': 1, 'min_samples_split': 5, 'n_estimators': 300, 'random_state': 101}, std score of 0.001065, score rank of 263,
0.699927 (0.001091) with: {'max_depth': 15, 'min_samples_leaf': 1, 'min_samples_split': 5, 'n_estimators': 350, 'random_state': 101}, std score of 0.001091, score rank of 261,
0.699838 (0.001304) with: {'max_depth': 15, 'min_samples_leaf': 1, 'min_samples_split': 5, 'n_estimators': 400, 'random_state': 101}, std score of 0.001304, score rank of 262,
0.699358 (0.001567) with: {'max_depth': 15, 'min_samples_leaf': 1, 'min_samples_split': 5, 'n_estimators': 450, 'random_state': 101}, std score of 0.001567, score rank of 265,
0.699378 (0.000990) with: {'max_depth': 15, 'min_samples_leaf': 1, 'min_samples_split': 5, 'n_estimators': 500, 'random_state': 101}, std score of 0.000990, score rank of 264,
0.701894 (0.001977) with: {'max_depth': 15, 'min_samples_leaf': 1, 'min_samples_split': 10, 'n_estimators': 300, 'random_state': 101}, std score of 0.001977, score rank of 246,
0.702446 (0.001788) with: {'max_depth': 15, 'min_samples_leaf': 1, 'min_samples_split': 10, 'n_estimators': 350, 'random_state': 101}, std score of 0.001788, score rank of 237,
0.702497 (0.002234) with: {'max_depth': 15, 'min_samples_leaf': 1, 'min_samples_split': 10, 'n_estimators': 400, 'random_state': 101}, std score of 0.002234, score rank of 236,
0.702146 (0.002443) with: {'max_depth': 15, 'min_samples_leaf': 1, 'min_samples_split': 10, 'n_estimators': 450, 'random_state': 101}, std score of 0.002443, score rank of 241,
0.702150 (0.002465) with: {'max_depth': 15, 'min_samples_leaf': 1, 'min_samples_split': 10, 'n_estimators': 500, 'random_state': 101}, std score of 0.002465, score rank of 240,
0.700555 (0.001301) with: {'max_depth': 15, 'min_samples_leaf': 2, 'min_samples_split': 2, 'n_estimators': 300, 'random_state': 101}, std score of 0.001301, score rank of 260,
0.700763 (0.001224) with: {'max_depth': 15, 'min_samples_leaf': 2, 'min_samples_split': 2, 'n_estimators': 350, 'random_state': 101}, std score of 0.001224, score rank of 259,
0.700783 (0.000930) with: {'max_depth': 15, 'min_samples_leaf': 2, 'min_samples_split': 2, 'n_estimators': 400, 'random_state': 101}, std score of 0.000930, score rank of 258,
0.701139 (0.001059) with: {'max_depth': 15, 'min_samples_leaf': 2, 'min_samples_split': 2, 'n_estimators': 450, 'random_state': 101}, std score of 0.001059, score rank of 255,
0.700865 (0.000771) with: {'max_depth': 15, 'min_samples_leaf': 2, 'min_samples_split': 2, 'n_estimators': 500, 'random_state': 101}, std score of 0.000771, score rank of 256,
0.700847 (0.001677) with: {'max_depth': 15, 'min_samples_leaf': 2, 'min_samples_split': 5, 'n_estimators': 300, 'random_state': 101}, std score of 0.001677, score rank of 257,
0.701622 (0.001531) with: {'max_depth': 15, 'min_samples_leaf': 2, 'min_samples_split': 5, 'n_estimators': 350, 'random_state': 101}, std score of 0.001531, score rank of 252,
0.701758 (0.001608) with: {'max_depth': 15, 'min_samples_leaf': 2, 'min_samples_split': 5, 'n_estimators': 400, 'random_state': 101}, std score of 0.001608, score rank of 248,
0.701259 (0.001135) with: {'max_depth': 15, 'min_samples_leaf': 2, 'min_samples_split': 5, 'n_estimators': 450, 'random_state': 101}, std score of 0.001135, score rank of 254,
0.701618 (0.001770) with: {'max_depth': 15, 'min_samples_leaf': 2, 'min_samples_split': 5, 'n_estimators': 500, 'random_state': 101}, std score of 0.001770, score rank of 253,
0.703084 (0.001806) with: {'max_depth': 15, 'min_samples_leaf': 2, 'min_samples_split': 10, 'n_estimators': 300, 'random_state': 101}, std score of 0.001806, score rank of 227,
0.702834 (0.001503) with: {'max_depth': 15, 'min_samples_leaf': 2, 'min_samples_split': 10, 'n_estimators': 350, 'random_state': 101}, std score of 0.001503, score rank of 232,
0.703187 (0.001793) with: {'max_depth': 15, 'min_samples_leaf': 2, 'min_samples_split': 10, 'n_estimators': 400, 'random_state': 101}, std score of 0.001793, score rank of 226,
0.703084 (0.001978) with: {'max_depth': 15, 'min_samples_leaf': 2, 'min_samples_split': 10, 'n_estimators': 450, 'random_state': 101}, std score of 0.001978, score rank of 228,
0.703048 (0.002248) with: {'max_depth': 15, 'min_samples_leaf': 2, 'min_samples_split': 10, 'n_estimators': 500, 'random_state': 101}, std score of 0.002248, score rank of 230,
0.704493 (0.002936) with: {'max_depth': 15, 'min_samples_leaf': 4, 'min_samples_split': 2, 'n_estimators': 300, 'random_state': 101}, std score of 0.002936, score rank of 211,
0.704644 (0.002791) with: {'max_depth': 15, 'min_samples_leaf': 4, 'min_samples_split': 2, 'n_estimators': 350, 'random_state': 101}, std score of 0.002791, score rank of 204,
0.704858 (0.002562) with: {'max_depth': 15, 'min_samples_leaf': 4, 'min_samples_split': 2, 'n_estimators': 400, 'random_state': 101}, std score of 0.002562, score rank of 197,
0.704710 (0.002847) with: {'max_depth': 15, 'min_samples_leaf': 4, 'min_samples_split': 2, 'n_estimators': 450, 'random_state': 101}, std score of 0.002847, score rank of 202,
0.704788 (0.003047) with: {'max_depth': 15, 'min_samples_leaf': 4, 'min_samples_split': 2, 'n_estimators': 500, 'random_state': 101}, std score of 0.003047, score rank of 200,
0.704493 (0.002936) with: {'max_depth': 15, 'min_samples_leaf': 4, 'min_samples_split': 5, 'n_estimators': 300, 'random_state': 101}, std score of 0.002936, score rank of 211,
0.704644 (0.002791) with: {'max_depth': 15, 'min_samples_leaf': 4, 'min_samples_split': 5, 'n_estimators': 350, 'random_state': 101}, std score of 0.002791, score rank of 204,
0.704858 (0.002562) with: {'max_depth': 15, 'min_samples_leaf': 4, 'min_samples_split': 5, 'n_estimators': 400, 'random_state': 101}, std score of 0.002562, score rank of 197,
0.704710 (0.002847) with: {'max_depth': 15, 'min_samples_leaf': 4, 'min_samples_split': 5, 'n_estimators': 450, 'random_state': 101}, std score of 0.002847, score rank of 202,
0.704788 (0.003047) with: {'max_depth': 15, 'min_samples_leaf': 4, 'min_samples_split': 5, 'n_estimators': 500, 'random_state': 101}, std score of 0.003047, score rank of 200,
0.704620 (0.003064) with: {'max_depth': 15, 'min_samples_leaf': 4, 'min_samples_split': 10, 'n_estimators': 300, 'random_state': 101}, std score of 0.003064, score rank of 209,
0.704205 (0.002769) with: {'max_depth': 15, 'min_samples_leaf': 4, 'min_samples_split': 10, 'n_estimators': 350, 'random_state': 101}, std score of 0.002769, score rank of 218,
0.704625 (0.002313) with: {'max_depth': 15, 'min_samples_leaf': 4, 'min_samples_split': 10, 'n_estimators': 400, 'random_state': 101}, std score of 0.002313, score rank of 207,
0.705151 (0.002416) with: {'max_depth': 15, 'min_samples_leaf': 4, 'min_samples_split': 10, 'n_estimators': 450, 'random_state': 101}, std score of 0.002416, score rank of 188,
0.704910 (0.002461) with: {'max_depth': 15, 'min_samples_leaf': 4, 'min_samples_split': 10, 'n_estimators': 500, 'random_state': 101}, std score of 0.002461, score rank of 195,
