{'mean_fit_time': array([ 8.82132761,  3.68462459,  3.45121201,  0.57259703,  9.76348233,
        3.60988911,  3.30257734, 13.58790096,  0.49704599,  4.78274266,
       12.30529976, 14.91096401, 12.27015607,  0.49447505,  0.49119957,
       14.82482123, 15.06334233,  9.80277872, 11.96826839,  1.45984658,
        7.26096002,  7.19640168,  2.41209054,  2.41006064,  4.81892323,
       14.39850752,  1.45646437,  9.76839193,  1.45839922,  9.65512204,
        4.91217001,  4.84130398,  4.73984003,  4.90001829,  5.43045417,
        0.50701094,  1.49378228,  6.6302851 , 11.11641598,  0.82731899,
        9.80280193, 10.37328219,  5.14896441,  5.06867472,  1.85799972,
        7.14926712,  0.49092158,  0.49883978,  7.21487204, 12.18143129,
        0.49507205,  0.48839696,  9.67676306, 12.38085429,  7.244054  ,
        2.43732921,  2.45164076, 14.66514468,  4.90567064,  7.35263689,
        9.83363136, 14.65825478,  4.83375335,  9.91275597,  0.48134279,
       12.1338915 , 14.50735728,  2.42332832,  4.8184917 ,  0.49511441,
        0.51035277,  0.52231105,  1.45581865,  2.44814777,  9.79171753,
        2.39032412,  2.58431395,  0.49350564,  4.87505158,  7.29190795,
        9.57545106,  0.48186533,  4.74689611,  0.48608661,  7.34819253,
       11.9908812 ,  9.64206767,  2.42791541,  4.81031807,  9.54814911,
        9.67121363,  9.58599265,  1.42408999,  0.50243433, 14.44868302,
        2.48669624, 12.01766698, 14.67314418,  4.83524243,  9.92352867]), 'std_fit_time': array([0.02224745, 0.11815054, 0.06709595, 0.01836793, 0.26727154,
       0.08248604, 0.07561164, 0.03869174, 0.02130432, 0.01391473,
       0.06179925, 0.07406703, 0.06803717, 0.01464357, 0.01517426,
       0.01733535, 0.06939626, 0.11299806, 0.04679476, 0.01370433,
       0.06229094, 0.043734  , 0.05099123, 0.03358967, 0.05151327,
       0.12256184, 0.00607372, 0.06696732, 0.02419039, 0.117751  ,
       0.0852906 , 0.03605233, 0.02734024, 0.02383486, 0.08575091,
       0.02207637, 0.03565089, 0.12771618, 0.08131775, 0.03780882,
       0.10318332, 0.18936338, 0.06347351, 0.07195989, 0.02704854,
       0.01828162, 0.02080339, 0.01112227, 0.06101407, 0.10963683,
       0.0053254 , 0.02960559, 0.10487059, 0.11992381, 0.09741663,
       0.0462159 , 0.06293035, 0.09375769, 0.06006224, 0.03910907,
       0.04797609, 0.08020143, 0.1030996 , 0.05547475, 0.0143439 ,
       0.02716086, 0.12050713, 0.0640201 , 0.06704186, 0.02182659,
       0.01061308, 0.04058445, 0.04901651, 0.03311247, 0.09078802,
       0.0184407 , 0.03565087, 0.01307511, 0.03130927, 0.03224669,
       0.04642844, 0.02239228, 0.05858952, 0.00552633, 0.06589625,
       0.04245451, 0.06763033, 0.02377847, 0.03428834, 0.04918761,
       0.03250944, 0.16161765, 0.0469498 , 0.01278438, 0.06832781,
       0.02586332, 0.06135077, 0.11698406, 0.08194544, 0.0825376 ]), 'mean_score_time': array([0.06009245, 0.03784362, 0.02857121, 0.0125339 , 0.10403307,
       0.03182228, 0.0275774 , 0.09579929, 0.01168823, 0.04306841,
       0.09326824, 0.09300494, 0.09671323, 0.01440001, 0.01152833,
       0.09589505, 0.09961931, 0.06657728, 0.09246929, 0.02031461,
       0.0620323 , 0.06198462, 0.0281384 , 0.02426712, 0.04232566,
       0.13366238, 0.01879144, 0.06893309, 0.01966103, 0.07669441,
       0.0482529 , 0.0458204 , 0.04480704, 0.04379034, 0.04351457,
       0.01344641, 0.0209496 , 0.04647509, 0.15171003, 0.02586667,
       0.06540616, 0.05941772, 0.04146036, 0.04848162, 0.01914589,
       0.06343214, 0.01038178, 0.01255822, 0.06152137, 0.080911  ,
       0.01286618, 0.01547201, 0.07747825, 0.11287371, 0.05866289,
       0.02692835, 0.025606  , 0.11190335, 0.04333536, 0.05827173,
       0.09665322, 0.11127257, 0.04558102, 0.06863729, 0.01262236,
       0.09605606, 0.11465581, 0.02797969, 0.04523977, 0.0124743 ,
       0.01311429, 0.01144298, 0.02011593, 0.02862136, 0.06600102,
       0.02619799, 0.02674071, 0.01289105, 0.04239416, 0.05439043,
       0.08413561, 0.01253414, 0.0423406 , 0.01379236, 0.06408771,
       0.09341621, 0.07797575, 0.02630997, 0.04175083, 0.07989033,
       0.07825335, 0.07983987, 0.02132765, 0.01186935, 0.11257569,
       0.02605263, 0.09396609, 0.09252516, 0.04901361, 0.06461366]), 'std_score_time': array([0.00251583, 0.00299112, 0.00147818, 0.00228823, 0.03317593,
       0.00166541, 0.00086264, 0.00316769, 0.00017053, 0.00177501,
       0.01119419, 0.00340837, 0.00187814, 0.00059972, 0.0013966 ,
       0.00657112, 0.00436947, 0.00404682, 0.00432375, 0.00167463,
       0.00211801, 0.00063572, 0.00055839, 0.00137968, 0.00136236,
       0.01175713, 0.00025787, 0.00088635, 0.00112758, 0.00262164,
       0.00624769, 0.00083047, 0.00132037, 0.00084875, 0.00093258,
       0.00037773, 0.00078771, 0.00285089, 0.02155095, 0.0122026 ,
       0.00725809, 0.00087117, 0.0007208 , 0.00486389, 0.00066598,
       0.00035979, 0.00063454, 0.00157416, 0.00340246, 0.00381023,
       0.00129281, 0.00537804, 0.00206521, 0.01101309, 0.00111721,
       0.00065973, 0.00123609, 0.00085143, 0.00145544, 0.0031811 ,
       0.01524544, 0.00313839, 0.00065237, 0.00103249, 0.000975  ,
       0.00324334, 0.00077186, 0.00071343, 0.00195868, 0.00077807,
       0.00227222, 0.00127825, 0.00115035, 0.00135014, 0.0027208 ,
       0.00215165, 0.0006234 , 0.00036527, 0.00135376, 0.00365312,
       0.00601215, 0.00130431, 0.00180245, 0.00300272, 0.00192242,
       0.00510182, 0.00110737, 0.00029624, 0.00240493, 0.00288423,
       0.00243669, 0.00299086, 0.00197654, 0.00087644, 0.00197607,
       0.00287123, 0.00617804, 0.00347092, 0.00817601, 0.00958526]), 'param_n_estimators': masked_array(data=[150, 50, 50, 10, 150, 50, 50, 250, 10, 100, 250, 300,
                   250, 10, 10, 300, 300, 200, 250, 30, 150, 150, 50, 50,
                   100, 300, 30, 200, 30, 200, 100, 100, 100, 100, 100,
                   10, 30, 100, 200, 10, 150, 150, 100, 100, 30, 150, 10,
                   10, 150, 250, 10, 10, 200, 250, 150, 50, 50, 300, 100,
                   150, 200, 300, 100, 200, 10, 250, 300, 50, 100, 10, 10,
                   10, 30, 50, 200, 50, 50, 10, 100, 150, 200, 10, 100,
                   10, 150, 250, 200, 50, 100, 200, 200, 200, 30, 10, 300,
                   50, 250, 300, 100, 200],
             mask=[False, False, False, False, False, False, False, False,
                   False, False, False, False, False, False, False, False,
                   False, False, False, False, False, False, False, False,
                   False, False, False, False, False, False, False, False,
                   False, False, False, False, False, False, False, False,
                   False, False, False, False, False, False, False, False,
                   False, False, False, False, False, False, False, False,
                   False, False, False, False, False, False, False, False,
                   False, False, False, False, False, False, False, False,
                   False, False, False, False, False, False, False, False,
                   False, False, False, False, False, False, False, False,
                   False, False, False, False, False, False, False, False,
                   False, False, False, False],
       fill_value='?',
            dtype=object), 'param_min_samples_split': masked_array(data=[5, 2, 5, 10, 5, 10, 5, 2, 2, 2, 5, 5, 5, 5, 10, 2, 10,
                   10, 2, 5, 2, 5, 5, 2, 5, 5, 2, 5, 2, 10, 10, 10, 10,
                   10, 5, 2, 5, 2, 5, 2, 2, 5, 10, 10, 10, 5, 10, 2, 5,
                   10, 2, 5, 5, 10, 10, 2, 2, 2, 10, 5, 5, 2, 10, 10, 5,
                   5, 10, 5, 5, 2, 5, 5, 10, 10, 2, 2, 10, 10, 2, 2, 10,
                   10, 2, 10, 10, 5, 10, 5, 10, 2, 5, 5, 10, 2, 5, 10, 5,
                   5, 2, 5],
             mask=[False, False, False, False, False, False, False, False,
                   False, False, False, False, False, False, False, False,
                   False, False, False, False, False, False, False, False,
                   False, False, False, False, False, False, False, False,
                   False, False, False, False, False, False, False, False,
                   False, False, False, False, False, False, False, False,
                   False, False, False, False, False, False, False, False,
                   False, False, False, False, False, False, False, False,
                   False, False, False, False, False, False, False, False,
                   False, False, False, False, False, False, False, False,
                   False, False, False, False, False, False, False, False,
                   False, False, False, False, False, False, False, False,
                   False, False, False, False],
       fill_value='?',
            dtype=object), 'param_min_samples_leaf': masked_array(data=[1, 2, 4, 4, 1, 1, 4, 2, 1, 1, 2, 2, 1, 2, 1, 2, 4, 4,
                   1, 1, 1, 2, 1, 2, 4, 4, 4, 4, 1, 2, 1, 4, 2, 1, 1, 2,
                   1, 2, 1, 1, 2, 1, 2, 2, 4, 4, 1, 1, 4, 2, 2, 1, 4, 4,
                   2, 2, 1, 2, 2, 2, 2, 2, 4, 2, 4, 4, 4, 2, 2, 1, 4, 2,
                   1, 2, 4, 1, 4, 1, 4, 1, 2, 4, 2, 2, 4, 1, 4, 1, 4, 2,
                   2, 1, 4, 4, 1, 1, 4, 1, 4, 1],
             mask=[False, False, False, False, False, False, False, False,
                   False, False, False, False, False, False, False, False,
                   False, False, False, False, False, False, False, False,
                   False, False, False, False, False, False, False, False,
                   False, False, False, False, False, False, False, False,
                   False, False, False, False, False, False, False, False,
                   False, False, False, False, False, False, False, False,
                   False, False, False, False, False, False, False, False,
                   False, False, False, False, False, False, False, False,
                   False, False, False, False, False, False, False, False,
                   False, False, False, False, False, False, False, False,
                   False, False, False, False, False, False, False, False,
                   False, False, False, False],
       fill_value='?',
            dtype=object), 'param_loss': masked_array(data=['exponential', 'deviance', 'exponential', 'deviance',
                   'deviance', 'exponential', 'exponential',
                   'exponential', 'exponential', 'deviance', 'deviance',
                   'deviance', 'exponential', 'exponential', 'deviance',
                   'deviance', 'exponential', 'exponential',
                   'exponential', 'exponential', 'deviance', 'deviance',
                   'deviance', 'exponential', 'exponential',
                   'exponential', 'exponential', 'exponential',
                   'deviance', 'deviance', 'deviance', 'deviance',
                   'deviance', 'exponential', 'exponential', 'deviance',
                   'deviance', 'exponential', 'deviance', 'deviance',
                   'exponential', 'deviance', 'exponential', 'deviance',
                   'exponential', 'deviance', 'exponential',
                   'exponential', 'exponential', 'exponential',
                   'deviance', 'deviance', 'deviance', 'deviance',
                   'exponential', 'deviance', 'deviance', 'exponential',
                   'deviance', 'deviance', 'exponential', 'deviance',
                   'deviance', 'exponential', 'exponential',
                   'exponential', 'deviance', 'exponential', 'deviance',
                   'exponential', 'deviance', 'deviance', 'exponential',
                   'exponential', 'deviance', 'exponential', 'deviance',
                   'deviance', 'deviance', 'deviance', 'exponential',
                   'deviance', 'deviance', 'exponential', 'deviance',
                   'exponential', 'deviance', 'deviance', 'exponential',
                   'deviance', 'deviance', 'exponential', 'deviance',
                   'deviance', 'exponential', 'deviance', 'deviance',
                   'deviance', 'deviance', 'deviance'],
             mask=[False, False, False, False, False, False, False, False,
                   False, False, False, False, False, False, False, False,
                   False, False, False, False, False, False, False, False,
                   False, False, False, False, False, False, False, False,
                   False, False, False, False, False, False, False, False,
                   False, False, False, False, False, False, False, False,
                   False, False, False, False, False, False, False, False,
                   False, False, False, False, False, False, False, False,
                   False, False, False, False, False, False, False, False,
                   False, False, False, False, False, False, False, False,
                   False, False, False, False, False, False, False, False,
                   False, False, False, False, False, False, False, False,
                   False, False, False, False],
       fill_value='?',
            dtype=object), 'param_learning_rate': masked_array(data=[0.001, 0.001, 0.1, 0.001, 0.1, 0.001, 0.01, 0.01,
                   0.001, 0.01, 0.1, 0.1, 0.01, 0.1, 0.01, 0.1, 0.1, 0.1,
                   0.001, 0.1, 0.01, 0.001, 0.01, 0.1, 0.001, 0.01, 0.001,
                   0.1, 0.001, 0.01, 0.1, 0.01, 0.001, 0.1, 0.01, 0.001,
                   0.01, 0.001, 0.01, 0.001, 0.1, 0.01, 0.001, 0.01, 0.01,
                   0.001, 0.001, 0.1, 0.001, 0.1, 0.1, 0.1, 0.01, 0.001,
                   0.01, 0.01, 0.1, 0.001, 0.1, 0.1, 0.001, 0.01, 0.001,
                   0.1, 0.1, 0.001, 0.01, 0.1, 0.01, 0.01, 0.1, 0.01, 0.1,
                   0.1, 0.1, 0.01, 0.01, 0.001, 0.1, 0.1, 0.001, 0.1,
                   0.001, 0.001, 0.01, 0.001, 0.01, 0.001, 0.1, 0.001,
                   0.01, 0.001, 0.1, 0.1, 0.001, 0.1, 0.001, 0.1, 0.01,
                   0.1],
             mask=[False, False, False, False, False, False, False, False,
                   False, False, False, False, False, False, False, False,
                   False, False, False, False, False, False, False, False,
                   False, False, False, False, False, False, False, False,
                   False, False, False, False, False, False, False, False,
                   False, False, False, False, False, False, False, False,
                   False, False, False, False, False, False, False, False,
                   False, False, False, False, False, False, False, False,
                   False, False, False, False, False, False, False, False,
                   False, False, False, False, False, False, False, False,
                   False, False, False, False, False, False, False, False,
                   False, False, False, False, False, False, False, False,
                   False, False, False, False],
       fill_value='?',
            dtype=object), 'params': [{'n_estimators': 150, 'min_samples_split': 5, 'min_samples_leaf': 1, 'loss': 'exponential', 'learning_rate': 0.001}, {'n_estimators': 50, 'min_samples_split': 2, 'min_samples_leaf': 2, 'loss': 'deviance', 'learning_rate': 0.001}, {'n_estimators': 50, 'min_samples_split': 5, 'min_samples_leaf': 4, 'loss': 'exponential', 'learning_rate': 0.1}, {'n_estimators': 10, 'min_samples_split': 10, 'min_samples_leaf': 4, 'loss': 'deviance', 'learning_rate': 0.001}, {'n_estimators': 150, 'min_samples_split': 5, 'min_samples_leaf': 1, 'loss': 'deviance', 'learning_rate': 0.1}, {'n_estimators': 50, 'min_samples_split': 10, 'min_samples_leaf': 1, 'loss': 'exponential', 'learning_rate': 0.001}, {'n_estimators': 50, 'min_samples_split': 5, 'min_samples_leaf': 4, 'loss': 'exponential', 'learning_rate': 0.01}, {'n_estimators': 250, 'min_samples_split': 2, 'min_samples_leaf': 2, 'loss': 'exponential', 'learning_rate': 0.01}, {'n_estimators': 10, 'min_samples_split': 2, 'min_samples_leaf': 1, 'loss': 'exponential', 'learning_rate': 0.001}, {'n_estimators': 100, 'min_samples_split': 2, 'min_samples_leaf': 1, 'loss': 'deviance', 'learning_rate': 0.01}, {'n_estimators': 250, 'min_samples_split': 5, 'min_samples_leaf': 2, 'loss': 'deviance', 'learning_rate': 0.1}, {'n_estimators': 300, 'min_samples_split': 5, 'min_samples_leaf': 2, 'loss': 'deviance', 'learning_rate': 0.1}, {'n_estimators': 250, 'min_samples_split': 5, 'min_samples_leaf': 1, 'loss': 'exponential', 'learning_rate': 0.01}, {'n_estimators': 10, 'min_samples_split': 5, 'min_samples_leaf': 2, 'loss': 'exponential', 'learning_rate': 0.1}, {'n_estimators': 10, 'min_samples_split': 10, 'min_samples_leaf': 1, 'loss': 'deviance', 'learning_rate': 0.01}, {'n_estimators': 300, 'min_samples_split': 2, 'min_samples_leaf': 2, 'loss': 'deviance', 'learning_rate': 0.1}, {'n_estimators': 300, 'min_samples_split': 10, 'min_samples_leaf': 4, 'loss': 'exponential', 'learning_rate': 0.1}, {'n_estimators': 200, 'min_samples_split': 10, 'min_samples_leaf': 4, 'loss': 'exponential', 'learning_rate': 0.1}, {'n_estimators': 250, 'min_samples_split': 2, 'min_samples_leaf': 1, 'loss': 'exponential', 'learning_rate': 0.001}, {'n_estimators': 30, 'min_samples_split': 5, 'min_samples_leaf': 1, 'loss': 'exponential', 'learning_rate': 0.1}, {'n_estimators': 150, 'min_samples_split': 2, 'min_samples_leaf': 1, 'loss': 'deviance', 'learning_rate': 0.01}, {'n_estimators': 150, 'min_samples_split': 5, 'min_samples_leaf': 2, 'loss': 'deviance', 'learning_rate': 0.001}, {'n_estimators': 50, 'min_samples_split': 5, 'min_samples_leaf': 1, 'loss': 'deviance', 'learning_rate': 0.01}, {'n_estimators': 50, 'min_samples_split': 2, 'min_samples_leaf': 2, 'loss': 'exponential', 'learning_rate': 0.1}, {'n_estimators': 100, 'min_samples_split': 5, 'min_samples_leaf': 4, 'loss': 'exponential', 'learning_rate': 0.001}, {'n_estimators': 300, 'min_samples_split': 5, 'min_samples_leaf': 4, 'loss': 'exponential', 'learning_rate': 0.01}, {'n_estimators': 30, 'min_samples_split': 2, 'min_samples_leaf': 4, 'loss': 'exponential', 'learning_rate': 0.001}, {'n_estimators': 200, 'min_samples_split': 5, 'min_samples_leaf': 4, 'loss': 'exponential', 'learning_rate': 0.1}, {'n_estimators': 30, 'min_samples_split': 2, 'min_samples_leaf': 1, 'loss': 'deviance', 'learning_rate': 0.001}, {'n_estimators': 200, 'min_samples_split': 10, 'min_samples_leaf': 2, 'loss': 'deviance', 'learning_rate': 0.01}, {'n_estimators': 100, 'min_samples_split': 10, 'min_samples_leaf': 1, 'loss': 'deviance', 'learning_rate': 0.1}, {'n_estimators': 100, 'min_samples_split': 10, 'min_samples_leaf': 4, 'loss': 'deviance', 'learning_rate': 0.01}, {'n_estimators': 100, 'min_samples_split': 10, 'min_samples_leaf': 2, 'loss': 'deviance', 'learning_rate': 0.001}, {'n_estimators': 100, 'min_samples_split': 10, 'min_samples_leaf': 1, 'loss': 'exponential', 'learning_rate': 0.1}, {'n_estimators': 100, 'min_samples_split': 5, 'min_samples_leaf': 1, 'loss': 'exponential', 'learning_rate': 0.01}, {'n_estimators': 10, 'min_samples_split': 2, 'min_samples_leaf': 2, 'loss': 'deviance', 'learning_rate': 0.001}, {'n_estimators': 30, 'min_samples_split': 5, 'min_samples_leaf': 1, 'loss': 'deviance', 'learning_rate': 0.01}, {'n_estimators': 100, 'min_samples_split': 2, 'min_samples_leaf': 2, 'loss': 'exponential', 'learning_rate': 0.001}, {'n_estimators': 200, 'min_samples_split': 5, 'min_samples_leaf': 1, 'loss': 'deviance', 'learning_rate': 0.01}, {'n_estimators': 10, 'min_samples_split': 2, 'min_samples_leaf': 1, 'loss': 'deviance', 'learning_rate': 0.001}, {'n_estimators': 150, 'min_samples_split': 2, 'min_samples_leaf': 2, 'loss': 'exponential', 'learning_rate': 0.1}, {'n_estimators': 150, 'min_samples_split': 5, 'min_samples_leaf': 1, 'loss': 'deviance', 'learning_rate': 0.01}, {'n_estimators': 100, 'min_samples_split': 10, 'min_samples_leaf': 2, 'loss': 'exponential', 'learning_rate': 0.001}, {'n_estimators': 100, 'min_samples_split': 10, 'min_samples_leaf': 2, 'loss': 'deviance', 'learning_rate': 0.01}, {'n_estimators': 30, 'min_samples_split': 10, 'min_samples_leaf': 4, 'loss': 'exponential', 'learning_rate': 0.01}, {'n_estimators': 150, 'min_samples_split': 5, 'min_samples_leaf': 4, 'loss': 'deviance', 'learning_rate': 0.001}, {'n_estimators': 10, 'min_samples_split': 10, 'min_samples_leaf': 1, 'loss': 'exponential', 'learning_rate': 0.001}, {'n_estimators': 10, 'min_samples_split': 2, 'min_samples_leaf': 1, 'loss': 'exponential', 'learning_rate': 0.1}, {'n_estimators': 150, 'min_samples_split': 5, 'min_samples_leaf': 4, 'loss': 'exponential', 'learning_rate': 0.001}, {'n_estimators': 250, 'min_samples_split': 10, 'min_samples_leaf': 2, 'loss': 'exponential', 'learning_rate': 0.1}, {'n_estimators': 10, 'min_samples_split': 2, 'min_samples_leaf': 2, 'loss': 'deviance', 'learning_rate': 0.1}, {'n_estimators': 10, 'min_samples_split': 5, 'min_samples_leaf': 1, 'loss': 'deviance', 'learning_rate': 0.1}, {'n_estimators': 200, 'min_samples_split': 5, 'min_samples_leaf': 4, 'loss': 'deviance', 'learning_rate': 0.01}, {'n_estimators': 250, 'min_samples_split': 10, 'min_samples_leaf': 4, 'loss': 'deviance', 'learning_rate': 0.001}, {'n_estimators': 150, 'min_samples_split': 10, 'min_samples_leaf': 2, 'loss': 'exponential', 'learning_rate': 0.01}, {'n_estimators': 50, 'min_samples_split': 2, 'min_samples_leaf': 2, 'loss': 'deviance', 'learning_rate': 0.01}, {'n_estimators': 50, 'min_samples_split': 2, 'min_samples_leaf': 1, 'loss': 'deviance', 'learning_rate': 0.1}, {'n_estimators': 300, 'min_samples_split': 2, 'min_samples_leaf': 2, 'loss': 'exponential', 'learning_rate': 0.001}, {'n_estimators': 100, 'min_samples_split': 10, 'min_samples_leaf': 2, 'loss': 'deviance', 'learning_rate': 0.1}, {'n_estimators': 150, 'min_samples_split': 5, 'min_samples_leaf': 2, 'loss': 'deviance', 'learning_rate': 0.1}, {'n_estimators': 200, 'min_samples_split': 5, 'min_samples_leaf': 2, 'loss': 'exponential', 'learning_rate': 0.001}, {'n_estimators': 300, 'min_samples_split': 2, 'min_samples_leaf': 2, 'loss': 'deviance', 'learning_rate': 0.01}, {'n_estimators': 100, 'min_samples_split': 10, 'min_samples_leaf': 4, 'loss': 'deviance', 'learning_rate': 0.001}, {'n_estimators': 200, 'min_samples_split': 10, 'min_samples_leaf': 2, 'loss': 'exponential', 'learning_rate': 0.1}, {'n_estimators': 10, 'min_samples_split': 5, 'min_samples_leaf': 4, 'loss': 'exponential', 'learning_rate': 0.1}, {'n_estimators': 250, 'min_samples_split': 5, 'min_samples_leaf': 4, 'loss': 'exponential', 'learning_rate': 0.001}, {'n_estimators': 300, 'min_samples_split': 10, 'min_samples_leaf': 4, 'loss': 'deviance', 'learning_rate': 0.01}, {'n_estimators': 50, 'min_samples_split': 5, 'min_samples_leaf': 2, 'loss': 'exponential', 'learning_rate': 0.1}, {'n_estimators': 100, 'min_samples_split': 5, 'min_samples_leaf': 2, 'loss': 'deviance', 'learning_rate': 0.01}, {'n_estimators': 10, 'min_samples_split': 2, 'min_samples_leaf': 1, 'loss': 'exponential', 'learning_rate': 0.01}, {'n_estimators': 10, 'min_samples_split': 5, 'min_samples_leaf': 4, 'loss': 'deviance', 'learning_rate': 0.1}, {'n_estimators': 10, 'min_samples_split': 5, 'min_samples_leaf': 2, 'loss': 'deviance', 'learning_rate': 0.01}, {'n_estimators': 30, 'min_samples_split': 10, 'min_samples_leaf': 1, 'loss': 'exponential', 'learning_rate': 0.1}, {'n_estimators': 50, 'min_samples_split': 10, 'min_samples_leaf': 2, 'loss': 'exponential', 'learning_rate': 0.1}, {'n_estimators': 200, 'min_samples_split': 2, 'min_samples_leaf': 4, 'loss': 'deviance', 'learning_rate': 0.1}, {'n_estimators': 50, 'min_samples_split': 2, 'min_samples_leaf': 1, 'loss': 'exponential', 'learning_rate': 0.01}, {'n_estimators': 50, 'min_samples_split': 10, 'min_samples_leaf': 4, 'loss': 'deviance', 'learning_rate': 0.01}, {'n_estimators': 10, 'min_samples_split': 10, 'min_samples_leaf': 1, 'loss': 'deviance', 'learning_rate': 0.001}, {'n_estimators': 100, 'min_samples_split': 2, 'min_samples_leaf': 4, 'loss': 'deviance', 'learning_rate': 0.1}, {'n_estimators': 150, 'min_samples_split': 2, 'min_samples_leaf': 1, 'loss': 'deviance', 'learning_rate': 0.1}, {'n_estimators': 200, 'min_samples_split': 10, 'min_samples_leaf': 2, 'loss': 'exponential', 'learning_rate': 0.001}, {'n_estimators': 10, 'min_samples_split': 10, 'min_samples_leaf': 4, 'loss': 'deviance', 'learning_rate': 0.1}, {'n_estimators': 100, 'min_samples_split': 2, 'min_samples_leaf': 2, 'loss': 'deviance', 'learning_rate': 0.001}, {'n_estimators': 10, 'min_samples_split': 10, 'min_samples_leaf': 2, 'loss': 'exponential', 'learning_rate': 0.001}, {'n_estimators': 150, 'min_samples_split': 10, 'min_samples_leaf': 4, 'loss': 'deviance', 'learning_rate': 0.01}, {'n_estimators': 250, 'min_samples_split': 5, 'min_samples_leaf': 1, 'loss': 'exponential', 'learning_rate': 0.001}, {'n_estimators': 200, 'min_samples_split': 10, 'min_samples_leaf': 4, 'loss': 'deviance', 'learning_rate': 0.01}, {'n_estimators': 50, 'min_samples_split': 5, 'min_samples_leaf': 1, 'loss': 'deviance', 'learning_rate': 0.001}, {'n_estimators': 100, 'min_samples_split': 10, 'min_samples_leaf': 4, 'loss': 'exponential', 'learning_rate': 0.1}, {'n_estimators': 200, 'min_samples_split': 2, 'min_samples_leaf': 2, 'loss': 'deviance', 'learning_rate': 0.001}, {'n_estimators': 200, 'min_samples_split': 5, 'min_samples_leaf': 2, 'loss': 'deviance', 'learning_rate': 0.01}, {'n_estimators': 200, 'min_samples_split': 5, 'min_samples_leaf': 1, 'loss': 'exponential', 'learning_rate': 0.001}, {'n_estimators': 30, 'min_samples_split': 10, 'min_samples_leaf': 4, 'loss': 'deviance', 'learning_rate': 0.1}, {'n_estimators': 10, 'min_samples_split': 2, 'min_samples_leaf': 4, 'loss': 'deviance', 'learning_rate': 0.1}, {'n_estimators': 300, 'min_samples_split': 5, 'min_samples_leaf': 1, 'loss': 'exponential', 'learning_rate': 0.001}, {'n_estimators': 50, 'min_samples_split': 10, 'min_samples_leaf': 1, 'loss': 'deviance', 'learning_rate': 0.1}, {'n_estimators': 250, 'min_samples_split': 5, 'min_samples_leaf': 4, 'loss': 'deviance', 'learning_rate': 0.001}, {'n_estimators': 300, 'min_samples_split': 5, 'min_samples_leaf': 1, 'loss': 'deviance', 'learning_rate': 0.1}, {'n_estimators': 100, 'min_samples_split': 2, 'min_samples_leaf': 4, 'loss': 'deviance', 'learning_rate': 0.01}, {'n_estimators': 200, 'min_samples_split': 5, 'min_samples_leaf': 1, 'loss': 'deviance', 'learning_rate': 0.1}], 'split0_test_score': array([0.66262618, 0.        , 0.70097775, 0.        , 0.70544717,
       0.        , 0.68492471, 0.69482255, 0.        , 0.68085467,
       0.70533246, 0.70569779, 0.69415696, 0.68273831, 0.        ,
       0.70569779, 0.70598949, 0.70501537, 0.66999039, 0.69751051,
       0.68214139, 0.66262618, 0.68492471, 0.70097775, 0.        ,
       0.69760713, 0.        , 0.70484639, 0.        , 0.69293986,
       0.70529497, 0.68085467, 0.        , 0.70328181, 0.68085467,
       0.        , 0.66999039, 0.        , 0.69293986, 0.        ,
       0.705086  , 0.68214139, 0.        , 0.68085467, 0.66999039,
       0.66262618, 0.        , 0.68273831, 0.66262618, 0.70551098,
       0.68270136, 0.68270136, 0.69293986, 0.66999039, 0.68214139,
       0.68492471, 0.70079103, 0.66999039, 0.70527146, 0.70531185,
       0.66999039, 0.6971063 , 0.        , 0.70464512, 0.68273831,
       0.66999039, 0.6971063 , 0.70097775, 0.68085467, 0.        ,
       0.68270136, 0.        , 0.69751051, 0.70097775, 0.70498487,
       0.68492471, 0.68492471, 0.        , 0.70537946, 0.70387393,
       0.66999039, 0.68270136, 0.        , 0.        , 0.68214139,
       0.66999039, 0.69293986, 0.        , 0.70369206, 0.66999039,
       0.69293986, 0.66999039, 0.69769205, 0.68270136, 0.66999039,
       0.70079103, 0.66999039, 0.70575076, 0.68085467, 0.70465735]), 'split1_test_score': array([0.65820908, 0.        , 0.70487294, 0.        , 0.71081774,
       0.        , 0.68364312, 0.6977394 , 0.        , 0.68190733,
       0.71096018, 0.71111111, 0.6977394 , 0.6818942 , 0.        ,
       0.71181793, 0.70950194, 0.7087945 , 0.66821567, 0.70191466,
       0.69543365, 0.66821567, 0.68364312, 0.70487294, 0.        ,
       0.69975862, 0.        , 0.7087945 , 0.        , 0.69820509,
       0.70944679, 0.68190733, 0.        , 0.70883534, 0.68190733,
       0.        , 0.66821567, 0.        , 0.69820509, 0.        ,
       0.70969484, 0.69543365, 0.        , 0.68190733, 0.66821567,
       0.66821567, 0.        , 0.6818942 , 0.65820908, 0.70858174,
       0.6818942 , 0.6818942 , 0.69820509, 0.66821567, 0.69558742,
       0.68364312, 0.70610186, 0.66821567, 0.70944679, 0.71081774,
       0.66821567, 0.69957005, 0.        , 0.70972321, 0.6818942 ,
       0.66821567, 0.69957005, 0.70487294, 0.68190733, 0.        ,
       0.6818942 , 0.        , 0.70191466, 0.70487294, 0.70924701,
       0.68364312, 0.68364312, 0.        , 0.70988481, 0.71081774,
       0.66821567, 0.6818942 , 0.        , 0.        , 0.69543365,
       0.66821567, 0.69820509, 0.        , 0.70963507, 0.66821567,
       0.69820509, 0.66821567, 0.70086149, 0.6818942 , 0.66821567,
       0.70610186, 0.66821567, 0.71149937, 0.68190733, 0.71043116]), 'split2_test_score': array([0.65768285, 0.        , 0.70262644, 0.        , 0.70660147,
       0.        , 0.67698378, 0.69460682, 0.        , 0.67696396,
       0.70829476, 0.70792241, 0.69460682, 0.68305455, 0.        ,
       0.7086035 , 0.70874261, 0.70894711, 0.68697285, 0.69634819,
       0.68934053, 0.65768285, 0.67698378, 0.70262644, 0.        ,
       0.69481635, 0.        , 0.70894711, 0.        , 0.6928618 ,
       0.70580937, 0.67696396, 0.        , 0.70697775, 0.67696396,
       0.        , 0.679977  , 0.        , 0.6928618 , 0.        ,
       0.70780276, 0.68934053, 0.        , 0.67696396, 0.679977  ,
       0.65768285, 0.        , 0.68305455, 0.65768285, 0.70862604,
       0.68305455, 0.68305455, 0.6928618 , 0.68697285, 0.68934053,
       0.67698378, 0.70328678, 0.679977  , 0.70580937, 0.70676139,
       0.65932675, 0.69581624, 0.        , 0.70861647, 0.68305455,
       0.68697285, 0.69581624, 0.70262644, 0.67696396, 0.        ,
       0.68305455, 0.        , 0.69634819, 0.70262644, 0.70792241,
       0.67698378, 0.67698378, 0.        , 0.70539139, 0.70625306,
       0.65932675, 0.68305455, 0.        , 0.        , 0.68934053,
       0.68697285, 0.6928618 , 0.        , 0.70553306, 0.65932675,
       0.6928618 , 0.65932675, 0.69495867, 0.68305455, 0.679977  ,
       0.70328678, 0.68697285, 0.70824928, 0.67696396, 0.70771909]), 'mean_test_score': array([0.65950604, 0.        , 0.70282571, 0.        , 0.70762213,
       0.        , 0.68185054, 0.69572292, 0.        , 0.67990866,
       0.7081958 , 0.70824377, 0.69550106, 0.68256236, 0.        ,
       0.70870641, 0.70807801, 0.70758566, 0.67505964, 0.69859112,
       0.68897186, 0.66284157, 0.68185054, 0.70282571, 0.        ,
       0.69739403, 0.        , 0.70752934, 0.        , 0.69466892,
       0.70685038, 0.67990866, 0.        , 0.70636497, 0.67990866,
       0.        , 0.67272769, 0.        , 0.69466892, 0.        ,
       0.70752787, 0.68897186, 0.        , 0.67990866, 0.67272769,
       0.66284157, 0.        , 0.68256236, 0.65950604, 0.70757292,
       0.68255004, 0.68255004, 0.69466892, 0.67505964, 0.68902312,
       0.68185054, 0.70339322, 0.67272769, 0.70684254, 0.70763033,
       0.66584427, 0.69749753, 0.        , 0.7076616 , 0.68256236,
       0.67505964, 0.69749753, 0.70282571, 0.67990866, 0.        ,
       0.68255004, 0.        , 0.69859112, 0.70282571, 0.70738476,
       0.68185054, 0.68185054, 0.        , 0.70688522, 0.70698158,
       0.66584427, 0.68255004, 0.        , 0.        , 0.68897186,
       0.67505964, 0.69466892, 0.        , 0.70628673, 0.66584427,
       0.69466892, 0.66584427, 0.6978374 , 0.68255004, 0.67272769,
       0.70339322, 0.67505964, 0.7084998 , 0.67990866, 0.70760253]), 'std_test_score': array([0.00221671, 0.        , 0.00159643, 0.        , 0.00230825,
       0.        , 0.00348086, 0.00142858, 0.        , 0.0021261 ,
       0.00229857, 0.00222163, 0.00159336, 0.00048978, 0.        ,
       0.0024996 , 0.00150899, 0.00181854, 0.00845501, 0.00239753,
       0.0054328 , 0.0043027 , 0.00348086, 0.00159643, 0.        ,
       0.00202329, 0.        , 0.00189815, 0.        , 0.00250065,
       0.00184791, 0.0021261 , 0.        , 0.00230826, 0.0021261 ,
       0.        , 0.00517699, 0.        , 0.00250065, 0.        ,
       0.00189157, 0.0054328 , 0.        , 0.0021261 , 0.00517699,
       0.0043027 , 0.        , 0.00048978, 0.00221671, 0.00145812,
       0.00048564, 0.00048564, 0.00250065, 0.00845501, 0.0054939 ,
       0.00348086, 0.00216944, 0.00517699, 0.00185453, 0.00233023,
       0.00466519, 0.00155725, 0.        , 0.0021803 , 0.00048978,
       0.00845501, 0.00155725, 0.00159643, 0.0021261 , 0.        ,
       0.00048564, 0.        , 0.00239753, 0.00159643, 0.00178106,
       0.00348086, 0.00348086, 0.        , 0.00212104, 0.00288122,
       0.00466519, 0.00048564, 0.        , 0.        , 0.0054328 ,
       0.00845501, 0.00250065, 0.        , 0.00248406, 0.00466519,
       0.00250065, 0.00466519, 0.00241201, 0.00048564, 0.00517699,
       0.00216944, 0.00845501, 0.00235354, 0.0021261 , 0.00235859]), 'rank_test_score': array([78, 80, 23, 80,  8, 80, 52, 33, 80, 57,  4,  3, 34, 44, 80,  1,  5,
       10, 63, 27, 41, 76, 52, 23, 80, 32, 80, 12, 80, 35, 17, 57, 80, 19,
       57, 80, 68, 80, 35, 80, 13, 41, 80, 57, 68, 76, 80, 44, 78, 11, 47,
       47, 35, 63, 40, 52, 21, 68, 18,  7, 72, 30, 80,  6, 44, 63, 30, 23,
       57, 80, 47, 80, 27, 23, 14, 52, 52, 80, 16, 15, 72, 47, 80, 80, 41,
       63, 35, 80, 20, 72, 35, 72, 29, 47, 68, 21, 63,  2, 57,  9],
      dtype=int32)}