{'mean_fit_time': array([5.54752803, 0.75488186, 7.30499744, 0.18634574, 2.31898793,
       3.44400644, 0.70729383, 2.66874043, 3.5773534 , 6.6008691 ,
       2.34947149, 3.13498425, 1.96783797, 0.13684336, 4.71205227,
       3.84173584, 4.60727525, 3.68741401, 4.59848269, 2.30430031,
       0.78229268, 2.70441532, 2.44110036, 0.13802703, 2.73949862,
       0.41364296, 3.53927517, 0.94055001, 4.39949401, 7.91327461,
       0.11650801, 1.87605739, 3.08516447, 0.33141764, 0.76268705,
       0.75189702, 0.88000965, 4.88453261, 0.16342632, 1.05521512,
       0.14315089, 5.92057284, 1.14200266, 0.56723007, 1.35876195,
       1.91368739, 7.37813242, 3.03561179, 3.94802117, 1.02152109,
       1.03846025, 3.48405989, 2.15364361, 1.45044732, 6.12848703,
       1.05716999, 6.39963301, 7.06069136, 0.11488843, 1.97550249,
       2.18899981, 0.4739147 , 7.28949404, 6.30738688, 0.28609443,
       0.49682872, 0.96788502, 3.67004244, 0.91898966, 5.81427193,
       3.2100598 , 0.36966777, 4.6648678 , 1.03455679, 0.46900495,
       4.34605606, 4.42806641, 1.69336049, 4.14708765, 2.20743195,
       0.77681986, 2.34529622, 1.72100663, 3.69286164, 0.76688425,
       0.62455225, 1.55708869, 0.38124545, 0.57925701, 0.33880536,
       5.44412025, 2.844275  , 2.68580866, 0.3738087 , 0.24119337,
       1.70105831, 0.52966809, 7.34142494, 0.36086686, 7.87252283]), 'std_fit_time': array([0.18083934, 0.0167641 , 0.16959658, 0.00068017, 0.0284193 ,
       0.06916339, 0.0172706 , 0.07326023, 0.00948633, 0.025814  ,
       0.07404818, 0.02394829, 0.03269664, 0.00193192, 0.00623715,
       0.02930801, 0.0161229 , 0.04250191, 0.02743277, 0.02462068,
       0.00464381, 0.04997977, 0.03078859, 0.00150347, 0.0349827 ,
       0.01573882, 0.03611201, 0.04055826, 0.05463989, 0.02600516,
       0.00389184, 0.02033411, 0.05491995, 0.00502064, 0.00850009,
       0.03879478, 0.00839614, 0.0731814 , 0.00811392, 0.01119621,
       0.00577589, 0.0231296 , 0.01790482, 0.00166164, 0.05626344,
       0.02677338, 0.12716656, 0.06132862, 0.01964871, 0.01487732,
       0.02722764, 0.03623284, 0.04966422, 0.04441218, 0.07677693,
       0.02601335, 0.08890019, 0.04055386, 0.00132195, 0.00956504,
       0.03116503, 0.00803223, 0.08961487, 0.05108262, 0.0917348 ,
       0.02515454, 0.03517336, 0.06916202, 0.00817818, 0.07512955,
       0.05961024, 0.01347885, 0.08839297, 0.00711435, 0.01937659,
       0.02351593, 0.01975003, 0.02109527, 0.05452753, 0.0048794 ,
       0.00336229, 0.02563122, 0.05112989, 0.07119859, 0.02505436,
       0.05154063, 0.03531279, 0.04546044, 0.0063074 , 0.00515955,
       0.05235016, 0.01706863, 0.03922629, 0.01612692, 0.00885058,
       0.04261085, 0.023375  , 0.01368208, 0.00906758, 0.05642935]), 'mean_score_time': array([0.37414225, 0.06756918, 1.11424756, 0.02746399, 0.295144  ,
       0.28377072, 0.08201106, 0.18237122, 0.28297536, 0.56986634,
       0.22089545, 0.36094213, 0.20416395, 0.01961772, 0.34953101,
       0.31543756, 0.51442178, 0.38903538, 0.5101827 , 0.20922542,
       0.09005817, 0.22876628, 0.26092283, 0.01900967, 0.27530169,
       0.04003469, 0.27128776, 0.07859166, 0.3058664 , 0.86524693,
       0.01753306, 0.18494757, 0.25125702, 0.04027406, 0.08695388,
       0.06464426, 0.07639305, 0.40771635, 0.0231727 , 0.09841657,
       0.02137129, 0.74509788, 0.11228975, 0.06322169, 0.16692861,
       0.25877802, 0.35952369, 0.22157939, 0.33379626, 0.07637731,
       0.07875808, 0.35034045, 0.21232271, 0.16090743, 0.43148104,
       0.082733  , 0.72222527, 0.52767905, 0.01980098, 0.13681515,
       0.19990532, 0.04211354, 0.84484259, 0.66916347, 0.02547868,
       0.05218538, 0.07550041, 0.39526796, 0.10150297, 0.39582213,
       0.26344744, 0.0395577 , 0.4425536 , 0.09821661, 0.04795361,
       0.43718696, 0.32339899, 0.15921402, 0.42622407, 0.2413458 ,
       0.08244173, 0.18882473, 0.15399353, 0.29487546, 0.06388847,
       0.05635866, 0.10526768, 0.04189269, 0.05544035, 0.03660671,
       0.39528775, 0.277004  , 0.25795341, 0.04599937, 0.02534906,
       0.13912495, 0.0607903 , 0.91542331, 0.04136403, 0.87456409]), 'std_score_time': array([4.52386763e-02, 1.22100765e-02, 2.03757778e-01, 2.44634761e-04,
       3.10361655e-03, 7.78651010e-03, 2.20819379e-02, 7.49835861e-03,
       4.16019728e-03, 1.08839917e-02, 7.32032717e-03, 4.48200717e-03,
       6.09366272e-03, 1.79631273e-03, 3.82579204e-03, 6.63132858e-03,
       8.02210541e-03, 7.08626533e-03, 7.21626927e-03, 4.44583984e-03,
       2.54063805e-03, 9.78517265e-03, 6.76166356e-03, 1.45009947e-03,
       6.06821413e-03, 1.23916856e-03, 1.78896105e-02, 6.81432879e-03,
       7.85295274e-03, 7.90959890e-03, 2.12097800e-03, 4.94049545e-03,
       6.83395801e-03, 1.95685583e-03, 4.05231278e-03, 1.87910844e-03,
       5.54132968e-03, 2.18199968e-02, 3.31976923e-04, 1.78961364e-03,
       1.33846202e-03, 6.43213927e-02, 3.93886081e-03, 1.09688488e-03,
       2.61380981e-02, 7.32462432e-02, 1.19978199e-02, 2.97263592e-03,
       9.96559078e-03, 2.04582003e-03, 1.08871843e-04, 7.36965869e-03,
       1.12355948e-02, 4.54616157e-03, 5.16431282e-03, 1.16635568e-03,
       1.24833491e-02, 2.73307004e-03, 1.35036951e-03, 1.45960789e-03,
       7.44867194e-03, 1.19066555e-03, 6.34462447e-03, 9.79776294e-02,
       1.84724951e-03, 4.46267049e-03, 1.03385877e-03, 7.20931742e-03,
       2.46003377e-03, 9.84467125e-03, 2.58702982e-03, 1.54598065e-03,
       5.59635658e-03, 3.23384707e-03, 6.14937335e-04, 2.74829094e-03,
       4.09365131e-03, 6.14515401e-03, 5.73840663e-03, 1.29959517e-02,
       2.59934094e-03, 1.26257109e-02, 5.28718724e-03, 8.69276323e-03,
       1.28821075e-03, 1.05715259e-02, 2.21860397e-02, 4.15084962e-03,
       1.29542684e-03, 1.97472415e-03, 9.62138161e-03, 4.32616591e-03,
       7.59748887e-03, 2.04617043e-03, 3.25021503e-03, 7.02251274e-03,
       5.48627106e-04, 1.09748104e-02, 3.02126658e-03, 1.83450706e-02]), 'param_n_estimators': masked_array(data=[250, 30, 250, 10, 100, 250, 30, 100, 200, 300, 150,
                   100, 150, 10, 250, 200, 300, 250, 250, 100, 50, 200,
                   150, 10, 250, 30, 150, 50, 250, 300, 10, 150, 200, 30,
                   50, 30, 50, 200, 10, 30, 10, 300, 50, 30, 50, 100, 300,
                   200, 300, 50, 50, 250, 200, 150, 300, 50, 250, 300, 10,
                   100, 100, 30, 250, 150, 10, 30, 50, 250, 50, 300, 250,
                   30, 300, 30, 10, 250, 200, 150, 300, 150, 50, 150, 50,
                   150, 50, 30, 50, 30, 30, 30, 250, 200, 250, 30, 10,
                   100, 30, 300, 30, 250],
             mask=[False, False, False, False, False, False, False, False,
                   False, False, False, False, False, False, False, False,
                   False, False, False, False, False, False, False, False,
                   False, False, False, False, False, False, False, False,
                   False, False, False, False, False, False, False, False,
                   False, False, False, False, False, False, False, False,
                   False, False, False, False, False, False, False, False,
                   False, False, False, False, False, False, False, False,
                   False, False, False, False, False, False, False, False,
                   False, False, False, False, False, False, False, False,
                   False, False, False, False, False, False, False, False,
                   False, False, False, False, False, False, False, False,
                   False, False, False, False],
       fill_value='?',
            dtype=object), 'param_min_samples_split': masked_array(data=[10, 10, 10, 10, 10, 2, 10, 10, 10, 5, 2, 2, 10, 2, 5,
                   2, 5, 2, 10, 2, 10, 2, 5, 5, 5, 10, 2, 10, 10, 10, 5,
                   2, 5, 5, 2, 5, 2, 5, 5, 10, 10, 2, 10, 5, 2, 2, 10, 10,
                   2, 2, 2, 2, 2, 2, 5, 5, 10, 10, 10, 10, 2, 2, 5, 5, 5,
                   2, 2, 10, 2, 5, 5, 5, 2, 5, 2, 10, 2, 2, 10, 5, 10, 10,
                   5, 10, 10, 2, 5, 5, 2, 5, 10, 10, 2, 5, 2, 2, 5, 10,
                   10, 2],
             mask=[False, False, False, False, False, False, False, False,
                   False, False, False, False, False, False, False, False,
                   False, False, False, False, False, False, False, False,
                   False, False, False, False, False, False, False, False,
                   False, False, False, False, False, False, False, False,
                   False, False, False, False, False, False, False, False,
                   False, False, False, False, False, False, False, False,
                   False, False, False, False, False, False, False, False,
                   False, False, False, False, False, False, False, False,
                   False, False, False, False, False, False, False, False,
                   False, False, False, False, False, False, False, False,
                   False, False, False, False, False, False, False, False,
                   False, False, False, False],
       fill_value='?',
            dtype=object), 'param_min_samples_leaf': masked_array(data=[4, 1, 1, 2, 2, 1, 1, 4, 4, 1, 1, 1, 2, 4, 2, 1, 2, 2,
                   4, 1, 1, 1, 4, 1, 4, 2, 1, 2, 2, 2, 1, 1, 1, 1, 2, 1,
                   2, 2, 2, 4, 4, 4, 1, 2, 1, 1, 4, 4, 1, 4, 2, 2, 1, 2,
                   4, 1, 2, 4, 2, 1, 2, 2, 1, 2, 2, 1, 2, 2, 2, 2, 2, 1,
                   4, 4, 1, 2, 1, 1, 4, 1, 1, 4, 4, 2, 1, 1, 2, 4, 2, 1,
                   4, 1, 4, 1, 1, 4, 1, 1, 2, 1],
             mask=[False, False, False, False, False, False, False, False,
                   False, False, False, False, False, False, False, False,
                   False, False, False, False, False, False, False, False,
                   False, False, False, False, False, False, False, False,
                   False, False, False, False, False, False, False, False,
                   False, False, False, False, False, False, False, False,
                   False, False, False, False, False, False, False, False,
                   False, False, False, False, False, False, False, False,
                   False, False, False, False, False, False, False, False,
                   False, False, False, False, False, False, False, False,
                   False, False, False, False, False, False, False, False,
                   False, False, False, False, False, False, False, False,
                   False, False, False, False],
       fill_value='?',
            dtype=object), 'param_max_features': masked_array(data=['log2', 'auto', 'log2', 'sqrt', 'log2', 'log2', 'log2',
                   'log2', 'log2', 'log2', 'sqrt', 'auto', 'log2', 'auto',
                   'log2', 'log2', 'log2', 'log2', 'sqrt', 'log2', 'log2',
                   'log2', 'log2', 'log2', 'log2', 'sqrt', 'auto', 'log2',
                   'auto', 'sqrt', 'log2', 'sqrt', 'log2', 'auto', 'log2',
                   'sqrt', 'auto', 'log2', 'auto', 'auto', 'log2', 'log2',
                   'log2', 'log2', 'auto', 'log2', 'auto', 'sqrt', 'log2',
                   'auto', 'auto', 'log2', 'sqrt', 'log2', 'auto', 'sqrt',
                   'auto', 'auto', 'sqrt', 'auto', 'log2', 'auto', 'sqrt',
                   'sqrt', 'auto', 'sqrt', 'auto', 'log2', 'sqrt', 'sqrt',
                   'sqrt', 'sqrt', 'auto', 'auto', 'sqrt', 'sqrt', 'sqrt',
                   'log2', 'log2', 'log2', 'auto', 'sqrt', 'auto', 'sqrt',
                   'sqrt', 'auto', 'sqrt', 'log2', 'auto', 'log2', 'sqrt',
                   'sqrt', 'sqrt', 'log2', 'auto', 'log2', 'sqrt', 'log2',
                   'log2', 'sqrt'],
             mask=[False, False, False, False, False, False, False, False,
                   False, False, False, False, False, False, False, False,
                   False, False, False, False, False, False, False, False,
                   False, False, False, False, False, False, False, False,
                   False, False, False, False, False, False, False, False,
                   False, False, False, False, False, False, False, False,
                   False, False, False, False, False, False, False, False,
                   False, False, False, False, False, False, False, False,
                   False, False, False, False, False, False, False, False,
                   False, False, False, False, False, False, False, False,
                   False, False, False, False, False, False, False, False,
                   False, False, False, False, False, False, False, False,
                   False, False, False, False],
       fill_value='?',
            dtype=object), 'param_max_depth': masked_array(data=[6, 9, None, 9, None, 3, 8, 9, 7, 10, 7, None, 6, 5, 7,
                   8, 8, 8, 10, 10, 8, 4, 9, 4, 4, 3, 9, 7, 5, None, 4, 4,
                   5, 3, 8, 10, 5, 10, 7, None, 6, 7, 10, 9, 8, 3, 4, 4,
                   4, 7, 7, 7, 3, 3, 7, 7, None, 9, 3, 6, 10, 4, None,
                   None, 8, 6, 6, 8, 10, 6, 3, 3, 7, None, None, 9, 8, 3,
                   7, 8, 7, 4, None, 10, 4, 6, 8, 3, 8, 3, 8, 6, 3, 5, 9,
                   6, 9, None, 5, None],
             mask=[False, False, False, False, False, False, False, False,
                   False, False, False, False, False, False, False, False,
                   False, False, False, False, False, False, False, False,
                   False, False, False, False, False, False, False, False,
                   False, False, False, False, False, False, False, False,
                   False, False, False, False, False, False, False, False,
                   False, False, False, False, False, False, False, False,
                   False, False, False, False, False, False, False, False,
                   False, False, False, False, False, False, False, False,
                   False, False, False, False, False, False, False, False,
                   False, False, False, False, False, False, False, False,
                   False, False, False, False, False, False, False, False,
                   False, False, False, False],
       fill_value='?',
            dtype=object), 'param_bootstrap': masked_array(data=[False, False, True, True, True, False, False, False,
                   False, False, True, True, True, True, False, False,
                   True, True, True, False, True, False, True, False,
                   True, False, False, False, False, True, True, True,
                   False, True, True, False, False, False, True, False,
                   True, False, True, True, False, True, False, False,
                   False, False, False, True, True, True, False, False,
                   True, False, True, False, False, False, True, False,
                   False, True, False, True, True, False, False, False,
                   True, False, False, True, False, False, True, True,
                   True, False, False, False, False, False, False, False,
                   True, False, False, True, True, True, False, False,
                   True, True, True, True],
             mask=[False, False, False, False, False, False, False, False,
                   False, False, False, False, False, False, False, False,
                   False, False, False, False, False, False, False, False,
                   False, False, False, False, False, False, False, False,
                   False, False, False, False, False, False, False, False,
                   False, False, False, False, False, False, False, False,
                   False, False, False, False, False, False, False, False,
                   False, False, False, False, False, False, False, False,
                   False, False, False, False, False, False, False, False,
                   False, False, False, False, False, False, False, False,
                   False, False, False, False, False, False, False, False,
                   False, False, False, False, False, False, False, False,
                   False, False, False, False],
       fill_value='?',
            dtype=object), 'params': [{'n_estimators': 250, 'min_samples_split': 10, 'min_samples_leaf': 4, 'max_features': 'log2', 'max_depth': 6, 'bootstrap': False}, {'n_estimators': 30, 'min_samples_split': 10, 'min_samples_leaf': 1, 'max_features': 'auto', 'max_depth': 9, 'bootstrap': False}, {'n_estimators': 250, 'min_samples_split': 10, 'min_samples_leaf': 1, 'max_features': 'log2', 'max_depth': None, 'bootstrap': True}, {'n_estimators': 10, 'min_samples_split': 10, 'min_samples_leaf': 2, 'max_features': 'sqrt', 'max_depth': 9, 'bootstrap': True}, {'n_estimators': 100, 'min_samples_split': 10, 'min_samples_leaf': 2, 'max_features': 'log2', 'max_depth': None, 'bootstrap': True}, {'n_estimators': 250, 'min_samples_split': 2, 'min_samples_leaf': 1, 'max_features': 'log2', 'max_depth': 3, 'bootstrap': False}, {'n_estimators': 30, 'min_samples_split': 10, 'min_samples_leaf': 1, 'max_features': 'log2', 'max_depth': 8, 'bootstrap': False}, {'n_estimators': 100, 'min_samples_split': 10, 'min_samples_leaf': 4, 'max_features': 'log2', 'max_depth': 9, 'bootstrap': False}, {'n_estimators': 200, 'min_samples_split': 10, 'min_samples_leaf': 4, 'max_features': 'log2', 'max_depth': 7, 'bootstrap': False}, {'n_estimators': 300, 'min_samples_split': 5, 'min_samples_leaf': 1, 'max_features': 'log2', 'max_depth': 10, 'bootstrap': False}, {'n_estimators': 150, 'min_samples_split': 2, 'min_samples_leaf': 1, 'max_features': 'sqrt', 'max_depth': 7, 'bootstrap': True}, {'n_estimators': 100, 'min_samples_split': 2, 'min_samples_leaf': 1, 'max_features': 'auto', 'max_depth': None, 'bootstrap': True}, {'n_estimators': 150, 'min_samples_split': 10, 'min_samples_leaf': 2, 'max_features': 'log2', 'max_depth': 6, 'bootstrap': True}, {'n_estimators': 10, 'min_samples_split': 2, 'min_samples_leaf': 4, 'max_features': 'auto', 'max_depth': 5, 'bootstrap': True}, {'n_estimators': 250, 'min_samples_split': 5, 'min_samples_leaf': 2, 'max_features': 'log2', 'max_depth': 7, 'bootstrap': False}, {'n_estimators': 200, 'min_samples_split': 2, 'min_samples_leaf': 1, 'max_features': 'log2', 'max_depth': 8, 'bootstrap': False}, {'n_estimators': 300, 'min_samples_split': 5, 'min_samples_leaf': 2, 'max_features': 'log2', 'max_depth': 8, 'bootstrap': True}, {'n_estimators': 250, 'min_samples_split': 2, 'min_samples_leaf': 2, 'max_features': 'log2', 'max_depth': 8, 'bootstrap': True}, {'n_estimators': 250, 'min_samples_split': 10, 'min_samples_leaf': 4, 'max_features': 'sqrt', 'max_depth': 10, 'bootstrap': True}, {'n_estimators': 100, 'min_samples_split': 2, 'min_samples_leaf': 1, 'max_features': 'log2', 'max_depth': 10, 'bootstrap': False}, {'n_estimators': 50, 'min_samples_split': 10, 'min_samples_leaf': 1, 'max_features': 'log2', 'max_depth': 8, 'bootstrap': True}, {'n_estimators': 200, 'min_samples_split': 2, 'min_samples_leaf': 1, 'max_features': 'log2', 'max_depth': 4, 'bootstrap': False}, {'n_estimators': 150, 'min_samples_split': 5, 'min_samples_leaf': 4, 'max_features': 'log2', 'max_depth': 9, 'bootstrap': True}, {'n_estimators': 10, 'min_samples_split': 5, 'min_samples_leaf': 1, 'max_features': 'log2', 'max_depth': 4, 'bootstrap': False}, {'n_estimators': 250, 'min_samples_split': 5, 'min_samples_leaf': 4, 'max_features': 'log2', 'max_depth': 4, 'bootstrap': True}, {'n_estimators': 30, 'min_samples_split': 10, 'min_samples_leaf': 2, 'max_features': 'sqrt', 'max_depth': 3, 'bootstrap': False}, {'n_estimators': 150, 'min_samples_split': 2, 'min_samples_leaf': 1, 'max_features': 'auto', 'max_depth': 9, 'bootstrap': False}, {'n_estimators': 50, 'min_samples_split': 10, 'min_samples_leaf': 2, 'max_features': 'log2', 'max_depth': 7, 'bootstrap': False}, {'n_estimators': 250, 'min_samples_split': 10, 'min_samples_leaf': 2, 'max_features': 'auto', 'max_depth': 5, 'bootstrap': False}, {'n_estimators': 300, 'min_samples_split': 10, 'min_samples_leaf': 2, 'max_features': 'sqrt', 'max_depth': None, 'bootstrap': True}, {'n_estimators': 10, 'min_samples_split': 5, 'min_samples_leaf': 1, 'max_features': 'log2', 'max_depth': 4, 'bootstrap': True}, {'n_estimators': 150, 'min_samples_split': 2, 'min_samples_leaf': 1, 'max_features': 'sqrt', 'max_depth': 4, 'bootstrap': True}, {'n_estimators': 200, 'min_samples_split': 5, 'min_samples_leaf': 1, 'max_features': 'log2', 'max_depth': 5, 'bootstrap': False}, {'n_estimators': 30, 'min_samples_split': 5, 'min_samples_leaf': 1, 'max_features': 'auto', 'max_depth': 3, 'bootstrap': True}, {'n_estimators': 50, 'min_samples_split': 2, 'min_samples_leaf': 2, 'max_features': 'log2', 'max_depth': 8, 'bootstrap': True}, {'n_estimators': 30, 'min_samples_split': 5, 'min_samples_leaf': 1, 'max_features': 'sqrt', 'max_depth': 10, 'bootstrap': False}, {'n_estimators': 50, 'min_samples_split': 2, 'min_samples_leaf': 2, 'max_features': 'auto', 'max_depth': 5, 'bootstrap': False}, {'n_estimators': 200, 'min_samples_split': 5, 'min_samples_leaf': 2, 'max_features': 'log2', 'max_depth': 10, 'bootstrap': False}, {'n_estimators': 10, 'min_samples_split': 5, 'min_samples_leaf': 2, 'max_features': 'auto', 'max_depth': 7, 'bootstrap': True}, {'n_estimators': 30, 'min_samples_split': 10, 'min_samples_leaf': 4, 'max_features': 'auto', 'max_depth': None, 'bootstrap': False}, {'n_estimators': 10, 'min_samples_split': 10, 'min_samples_leaf': 4, 'max_features': 'log2', 'max_depth': 6, 'bootstrap': True}, {'n_estimators': 300, 'min_samples_split': 2, 'min_samples_leaf': 4, 'max_features': 'log2', 'max_depth': 7, 'bootstrap': False}, {'n_estimators': 50, 'min_samples_split': 10, 'min_samples_leaf': 1, 'max_features': 'log2', 'max_depth': 10, 'bootstrap': True}, {'n_estimators': 30, 'min_samples_split': 5, 'min_samples_leaf': 2, 'max_features': 'log2', 'max_depth': 9, 'bootstrap': True}, {'n_estimators': 50, 'min_samples_split': 2, 'min_samples_leaf': 1, 'max_features': 'auto', 'max_depth': 8, 'bootstrap': False}, {'n_estimators': 100, 'min_samples_split': 2, 'min_samples_leaf': 1, 'max_features': 'log2', 'max_depth': 3, 'bootstrap': True}, {'n_estimators': 300, 'min_samples_split': 10, 'min_samples_leaf': 4, 'max_features': 'auto', 'max_depth': 4, 'bootstrap': False}, {'n_estimators': 200, 'min_samples_split': 10, 'min_samples_leaf': 4, 'max_features': 'sqrt', 'max_depth': 4, 'bootstrap': False}, {'n_estimators': 300, 'min_samples_split': 2, 'min_samples_leaf': 1, 'max_features': 'log2', 'max_depth': 4, 'bootstrap': False}, {'n_estimators': 50, 'min_samples_split': 2, 'min_samples_leaf': 4, 'max_features': 'auto', 'max_depth': 7, 'bootstrap': False}, {'n_estimators': 50, 'min_samples_split': 2, 'min_samples_leaf': 2, 'max_features': 'auto', 'max_depth': 7, 'bootstrap': False}, {'n_estimators': 250, 'min_samples_split': 2, 'min_samples_leaf': 2, 'max_features': 'log2', 'max_depth': 7, 'bootstrap': True}, {'n_estimators': 200, 'min_samples_split': 2, 'min_samples_leaf': 1, 'max_features': 'sqrt', 'max_depth': 3, 'bootstrap': True}, {'n_estimators': 150, 'min_samples_split': 2, 'min_samples_leaf': 2, 'max_features': 'log2', 'max_depth': 3, 'bootstrap': True}, {'n_estimators': 300, 'min_samples_split': 5, 'min_samples_leaf': 4, 'max_features': 'auto', 'max_depth': 7, 'bootstrap': False}, {'n_estimators': 50, 'min_samples_split': 5, 'min_samples_leaf': 1, 'max_features': 'sqrt', 'max_depth': 7, 'bootstrap': False}, {'n_estimators': 250, 'min_samples_split': 10, 'min_samples_leaf': 2, 'max_features': 'auto', 'max_depth': None, 'bootstrap': True}, {'n_estimators': 300, 'min_samples_split': 10, 'min_samples_leaf': 4, 'max_features': 'auto', 'max_depth': 9, 'bootstrap': False}, {'n_estimators': 10, 'min_samples_split': 10, 'min_samples_leaf': 2, 'max_features': 'sqrt', 'max_depth': 3, 'bootstrap': True}, {'n_estimators': 100, 'min_samples_split': 10, 'min_samples_leaf': 1, 'max_features': 'auto', 'max_depth': 6, 'bootstrap': False}, {'n_estimators': 100, 'min_samples_split': 2, 'min_samples_leaf': 2, 'max_features': 'log2', 'max_depth': 10, 'bootstrap': False}, {'n_estimators': 30, 'min_samples_split': 2, 'min_samples_leaf': 2, 'max_features': 'auto', 'max_depth': 4, 'bootstrap': False}, {'n_estimators': 250, 'min_samples_split': 5, 'min_samples_leaf': 1, 'max_features': 'sqrt', 'max_depth': None, 'bootstrap': True}, {'n_estimators': 150, 'min_samples_split': 5, 'min_samples_leaf': 2, 'max_features': 'sqrt', 'max_depth': None, 'bootstrap': False}, {'n_estimators': 10, 'min_samples_split': 5, 'min_samples_leaf': 2, 'max_features': 'auto', 'max_depth': 8, 'bootstrap': False}, {'n_estimators': 30, 'min_samples_split': 2, 'min_samples_leaf': 1, 'max_features': 'sqrt', 'max_depth': 6, 'bootstrap': True}, {'n_estimators': 50, 'min_samples_split': 2, 'min_samples_leaf': 2, 'max_features': 'auto', 'max_depth': 6, 'bootstrap': False}, {'n_estimators': 250, 'min_samples_split': 10, 'min_samples_leaf': 2, 'max_features': 'log2', 'max_depth': 8, 'bootstrap': True}, {'n_estimators': 50, 'min_samples_split': 2, 'min_samples_leaf': 2, 'max_features': 'sqrt', 'max_depth': 10, 'bootstrap': True}, {'n_estimators': 300, 'min_samples_split': 5, 'min_samples_leaf': 2, 'max_features': 'sqrt', 'max_depth': 6, 'bootstrap': False}, {'n_estimators': 250, 'min_samples_split': 5, 'min_samples_leaf': 2, 'max_features': 'sqrt', 'max_depth': 3, 'bootstrap': False}, {'n_estimators': 30, 'min_samples_split': 5, 'min_samples_leaf': 1, 'max_features': 'sqrt', 'max_depth': 3, 'bootstrap': False}, {'n_estimators': 300, 'min_samples_split': 2, 'min_samples_leaf': 4, 'max_features': 'auto', 'max_depth': 7, 'bootstrap': True}, {'n_estimators': 30, 'min_samples_split': 5, 'min_samples_leaf': 4, 'max_features': 'auto', 'max_depth': None, 'bootstrap': False}, {'n_estimators': 10, 'min_samples_split': 2, 'min_samples_leaf': 1, 'max_features': 'sqrt', 'max_depth': None, 'bootstrap': False}, {'n_estimators': 250, 'min_samples_split': 10, 'min_samples_leaf': 2, 'max_features': 'sqrt', 'max_depth': 9, 'bootstrap': True}, {'n_estimators': 200, 'min_samples_split': 2, 'min_samples_leaf': 1, 'max_features': 'sqrt', 'max_depth': 8, 'bootstrap': False}, {'n_estimators': 150, 'min_samples_split': 2, 'min_samples_leaf': 1, 'max_features': 'log2', 'max_depth': 3, 'bootstrap': False}, {'n_estimators': 300, 'min_samples_split': 10, 'min_samples_leaf': 4, 'max_features': 'log2', 'max_depth': 7, 'bootstrap': True}, {'n_estimators': 150, 'min_samples_split': 5, 'min_samples_leaf': 1, 'max_features': 'log2', 'max_depth': 8, 'bootstrap': True}, {'n_estimators': 50, 'min_samples_split': 10, 'min_samples_leaf': 1, 'max_features': 'auto', 'max_depth': 7, 'bootstrap': True}, {'n_estimators': 150, 'min_samples_split': 10, 'min_samples_leaf': 4, 'max_features': 'sqrt', 'max_depth': 4, 'bootstrap': False}, {'n_estimators': 50, 'min_samples_split': 5, 'min_samples_leaf': 4, 'max_features': 'auto', 'max_depth': None, 'bootstrap': False}, {'n_estimators': 150, 'min_samples_split': 10, 'min_samples_leaf': 2, 'max_features': 'sqrt', 'max_depth': 10, 'bootstrap': False}, {'n_estimators': 50, 'min_samples_split': 10, 'min_samples_leaf': 1, 'max_features': 'sqrt', 'max_depth': 4, 'bootstrap': False}, {'n_estimators': 30, 'min_samples_split': 2, 'min_samples_leaf': 1, 'max_features': 'auto', 'max_depth': 6, 'bootstrap': False}, {'n_estimators': 50, 'min_samples_split': 5, 'min_samples_leaf': 2, 'max_features': 'sqrt', 'max_depth': 8, 'bootstrap': False}, {'n_estimators': 30, 'min_samples_split': 5, 'min_samples_leaf': 4, 'max_features': 'log2', 'max_depth': 3, 'bootstrap': False}, {'n_estimators': 30, 'min_samples_split': 2, 'min_samples_leaf': 2, 'max_features': 'auto', 'max_depth': 8, 'bootstrap': True}, {'n_estimators': 30, 'min_samples_split': 5, 'min_samples_leaf': 1, 'max_features': 'log2', 'max_depth': 3, 'bootstrap': False}, {'n_estimators': 250, 'min_samples_split': 10, 'min_samples_leaf': 4, 'max_features': 'sqrt', 'max_depth': 8, 'bootstrap': False}, {'n_estimators': 200, 'min_samples_split': 10, 'min_samples_leaf': 1, 'max_features': 'sqrt', 'max_depth': 6, 'bootstrap': True}, {'n_estimators': 250, 'min_samples_split': 2, 'min_samples_leaf': 4, 'max_features': 'sqrt', 'max_depth': 3, 'bootstrap': True}, {'n_estimators': 30, 'min_samples_split': 5, 'min_samples_leaf': 1, 'max_features': 'log2', 'max_depth': 5, 'bootstrap': True}, {'n_estimators': 10, 'min_samples_split': 2, 'min_samples_leaf': 1, 'max_features': 'auto', 'max_depth': 9, 'bootstrap': False}, {'n_estimators': 100, 'min_samples_split': 2, 'min_samples_leaf': 4, 'max_features': 'log2', 'max_depth': 6, 'bootstrap': False}, {'n_estimators': 30, 'min_samples_split': 5, 'min_samples_leaf': 1, 'max_features': 'sqrt', 'max_depth': 9, 'bootstrap': True}, {'n_estimators': 300, 'min_samples_split': 10, 'min_samples_leaf': 1, 'max_features': 'log2', 'max_depth': None, 'bootstrap': True}, {'n_estimators': 30, 'min_samples_split': 10, 'min_samples_leaf': 2, 'max_features': 'log2', 'max_depth': 5, 'bootstrap': True}, {'n_estimators': 250, 'min_samples_split': 2, 'min_samples_leaf': 1, 'max_features': 'sqrt', 'max_depth': None, 'bootstrap': True}], 'split0_test_score': array([0.69346343, 0.70163993, 0.68606352, 0.70546138, 0.69178251,
       0.66897557, 0.69800893, 0.70308716, 0.69805476, 0.70310291,
       0.70018337, 0.65919597, 0.69307171, 0.68622259, 0.69666147,
       0.70256514, 0.70262058, 0.70123107, 0.70465797, 0.70251851,
       0.70233558, 0.67394703, 0.70189495, 0.6646389 , 0.67297315,
       0.67348339, 0.70324714, 0.69509787, 0.68988173, 0.69331608,
       0.66984154, 0.68109735, 0.68831169, 0.6722106 , 0.70222369,
       0.70470413, 0.69079026, 0.70249748, 0.69761981, 0.68930353,
       0.69002459, 0.6982066 , 0.70244204, 0.70217053, 0.70294291,
       0.66688659, 0.67838568, 0.67763143, 0.67391544, 0.69734146,
       0.69977172, 0.69727343, 0.66875417, 0.66932691, 0.69828985,
       0.69880769, 0.6934387 , 0.70421992, 0.67096252, 0.69340302,
       0.70356231, 0.67491738, 0.67206624, 0.67528375, 0.70238186,
       0.69539029, 0.69435297, 0.70189414, 0.70402634, 0.69567675,
       0.6701297 , 0.67348339, 0.69998747, 0.68975046, 0.65583311,
       0.70466241, 0.70279175, 0.66876863, 0.69870349, 0.70118785,
       0.69943289, 0.67944291, 0.68986061, 0.70298996, 0.67885561,
       0.69546591, 0.70114768, 0.66848   , 0.70340743, 0.66848   ,
       0.70225219, 0.69511686, 0.66989143, 0.68480812, 0.70087241,
       0.69310984, 0.70662477, 0.68516015, 0.6853616 , 0.65758011]), 'split1_test_score': array([0.69556601, 0.70608017, 0.69231408, 0.70213555, 0.69808871,
       0.66871486, 0.7001453 , 0.70523716, 0.69889178, 0.70711409,
       0.70291162, 0.66360856, 0.69300422, 0.68844738, 0.69914716,
       0.70361615, 0.70369414, 0.70219508, 0.70910415, 0.70854244,
       0.70323343, 0.6725043 , 0.70399493, 0.66879623, 0.67085679,
       0.67429076, 0.70819707, 0.69864981, 0.69136129, 0.6987105 ,
       0.6561645 , 0.68115875, 0.68647205, 0.67366996, 0.70386446,
       0.70741574, 0.6970738 , 0.70867514, 0.6991797 , 0.69480305,
       0.69795562, 0.69905876, 0.70811977, 0.70657664, 0.7049067 ,
       0.66834995, 0.67767446, 0.67938896, 0.67360774, 0.70447502,
       0.70109009, 0.69834103, 0.67300431, 0.6692244 , 0.70129669,
       0.7029368 , 0.69856803, 0.70792079, 0.67406642, 0.69759646,
       0.70599331, 0.68101695, 0.6771268 , 0.68007823, 0.70350896,
       0.69691652, 0.69687961, 0.70283728, 0.70880551, 0.69746241,
       0.66914417, 0.67429076, 0.70329927, 0.69437572, 0.65633383,
       0.70740622, 0.70478653, 0.6695516 , 0.69836722, 0.70410773,
       0.70346096, 0.68019861, 0.69526383, 0.70940264, 0.68149798,
       0.69451934, 0.70577733, 0.67262711, 0.70403121, 0.67262711,
       0.70376003, 0.69750238, 0.66887532, 0.67889994, 0.70708704,
       0.69397084, 0.70559026, 0.69138915, 0.67949389, 0.66245749]), 'split2_test_score': array([0.69363809, 0.70062451, 0.68896433, 0.69993796, 0.69348224,
       0.66876278, 0.6985613 , 0.70273987, 0.6961756 , 0.70436977,
       0.6984903 , 0.65938804, 0.69564573, 0.6904468 , 0.69684804,
       0.70195716, 0.70036774, 0.69925711, 0.70475131, 0.70274573,
       0.69953952, 0.67325967, 0.70145568, 0.6699888 , 0.67435023,
       0.67272406, 0.70133563, 0.69798692, 0.69129294, 0.69428254,
       0.67069096, 0.68269365, 0.68913263, 0.67290217, 0.69820509,
       0.70293141, 0.69221577, 0.70337307, 0.6993565 , 0.69146875,
       0.69413317, 0.69661882, 0.70143791, 0.69935317, 0.70035598,
       0.66927323, 0.67894131, 0.68162839, 0.67515311, 0.69694449,
       0.69676264, 0.69743952, 0.67007357, 0.66921795, 0.69786556,
       0.69749887, 0.69331   , 0.70295762, 0.6722551 , 0.69446516,
       0.70307167, 0.68775742, 0.67488752, 0.67512662, 0.70210554,
       0.69523976, 0.6935692 , 0.70038762, 0.70441403, 0.69439627,
       0.66948894, 0.67272406, 0.69870984, 0.68994983, 0.65459485,
       0.70212376, 0.69969   , 0.66919911, 0.69710692, 0.69786953,
       0.69978227, 0.67930891, 0.68977881, 0.70391297, 0.6866588 ,
       0.69474102, 0.70162749, 0.66862882, 0.70236294, 0.66862882,
       0.70046939, 0.69337919, 0.66986635, 0.68347056, 0.70220032,
       0.6928111 , 0.70003114, 0.68932444, 0.68638853, 0.66080276]), 'mean_test_score': array([0.69422251, 0.70278154, 0.68911397, 0.70251163, 0.69445115,
       0.66881774, 0.69890518, 0.70368806, 0.69770738, 0.70486226,
       0.70052843, 0.66073086, 0.69390722, 0.68837226, 0.69755222,
       0.70271282, 0.70222749, 0.70089442, 0.70617114, 0.70460223,
       0.70170284, 0.673237  , 0.70244852, 0.66780798, 0.67272672,
       0.6734994 , 0.70425995, 0.69724487, 0.69084532, 0.69543637,
       0.66556567, 0.68164992, 0.68797212, 0.67292758, 0.70143108,
       0.70501709, 0.69335995, 0.70484856, 0.69871867, 0.69185844,
       0.6940378 , 0.69796139, 0.70399991, 0.70270011, 0.7027352 ,
       0.66816992, 0.67833382, 0.67954959, 0.67422543, 0.69958699,
       0.69920815, 0.69768466, 0.67061068, 0.66925642, 0.6991507 ,
       0.69974779, 0.69510557, 0.70503278, 0.67242801, 0.69515488,
       0.7042091 , 0.68123058, 0.67469352, 0.67682954, 0.70266545,
       0.69584885, 0.69493392, 0.70170635, 0.70574863, 0.69584515,
       0.6695876 , 0.6734994 , 0.70066553, 0.69135867, 0.65558726,
       0.7047308 , 0.70242276, 0.66917311, 0.69805921, 0.70105504,
       0.70089204, 0.67965014, 0.69163442, 0.70543519, 0.68233746,
       0.69490876, 0.70285083, 0.66991198, 0.70326719, 0.66991198,
       0.70216054, 0.69533281, 0.66954437, 0.68239287, 0.70338659,
       0.69329726, 0.70408206, 0.68862458, 0.68374801, 0.66028012]), 'std_test_score': array([9.52670594e-04, 2.36903734e-03, 2.55397590e-03, 2.27055659e-03,
       2.66410065e-03, 1.13306645e-04, 9.05428230e-04, 1.10451471e-03,
       1.13575669e-03, 1.67417834e-03, 1.82141404e-03, 2.03635633e-03,
       1.22962002e-03, 1.72534737e-03, 1.13036253e-03, 6.85282190e-04,
       1.38615058e-03, 1.22281691e-03, 2.07429647e-03, 2.78769567e-03,
       1.57300238e-03, 5.89208334e-04, 1.10808632e-03, 2.29315848e-03,
       1.43679353e-03, 6.39702362e-04, 2.89127320e-03, 1.54208522e-03,
       6.81931127e-04, 2.34853766e-03, 6.65667031e-03, 7.38454366e-04,
       1.11240056e-03, 5.96055765e-04, 2.37743314e-03, 1.84404905e-03,
       2.68980113e-03, 2.72930676e-03, 7.80354648e-04, 2.26201798e-03,
       3.23853196e-03, 1.01108210e-03, 2.94188571e-03, 2.97264982e-03,
       1.86362091e-03, 9.82623849e-04, 5.18488311e-04, 1.63570203e-03,
       6.67890427e-04, 3.46015910e-03, 1.81105896e-03, 4.69050037e-04,
       1.77619219e-03, 4.99138625e-05, 1.52729719e-03, 2.31741695e-03,
       2.44889088e-03, 2.10615287e-03, 1.27304681e-03, 1.78007874e-03,
       1.27742842e-03, 5.24410014e-03, 2.07051272e-03, 2.29807257e-03,
       6.07023260e-04, 7.57450802e-04, 1.41252353e-03, 1.00884997e-03,
       2.16732955e-03, 1.25739566e-03, 4.08344911e-04, 6.39702362e-04,
       1.93399935e-03, 2.13492821e-03, 7.30908323e-04, 2.15709636e-03,
       2.09694538e-03, 3.20173785e-04, 6.87222798e-04, 2.54846652e-03,
       1.82209222e-03, 3.91664665e-04, 2.56659739e-03, 2.83060072e-03,
       3.24046927e-03, 4.04229466e-04, 2.07859608e-03, 1.92085170e-03,
       6.88247454e-04, 1.92085170e-03, 1.34496175e-03, 1.69019927e-03,
       4.73199942e-04, 2.52951832e-03, 2.67217982e-03, 4.91660313e-04,
       2.89539775e-03, 2.59068313e-03, 3.03718948e-03, 2.02518923e-03]), 'rank_test_score': array([ 57,  18,  66,  23,  56,  94,  40,  14,  44,   6,  35,  98,  59,
        68,  46,  20,  26,  32,   1,   9,  29,  83,  24,  96,  85,  81,
        10,  47,  65,  50,  97,  73,  69,  84,  30,   5,  60,   7,  41,
        62,  58,  43,  13,  21,  19,  95,  77,  76,  80,  37,  38,  45,
        87,  92,  39,  36,  53,   4,  86,  52,  11,  74,  79,  78,  22,
        48,  54,  28,   2,  49,  90,  81,  34,  64, 100,   8,  25,  93,
        42,  31,  33,  75,  63,   3,  72,  55,  17,  88,  16,  88,  27,
        51,  91,  71,  15,  61,  12,  67,  70,  99], dtype=int32)}